household_num,demand_profile_type,00:00,00:10,00:20,00:30,00:40,00:50,01:00,01:10,01:20,01:30,01:40,01:50,02:00,02:10,02:20,02:30,02:40,02:50,03:00,03:10,03:20,03:30,03:40,03:50,04:00,04:10,04:20,04:30,04:40,04:50,05:00,05:10,05:20,05:30,05:40,05:50,06:00,06:10,06:20,06:30,06:40,06:50,07:00,07:10,07:20,07:30,07:40,07:50,08:00,08:10,08:20,08:30,08:40,08:50,09:00,09:10,09:20,09:30,09:40,09:50,10:00,10:10,10:20,10:30,10:40,10:50,11:00,11:10,11:20,11:30,11:40,11:50,12:00,12:10,12:20,12:30,12:40,12:50,13:00,13:10,13:20,13:30,13:40,13:50,14:00,14:10,14:20,14:30,14:40,14:50,15:00,15:10,15:20,15:30,15:40,15:50,16:00,16:10,16:20,16:30,16:40,16:50,17:00,17:10,17:20,17:30,17:40,17:50,18:00,18:10,18:20,18:30,18:40,18:50,19:00,19:10,19:20,19:30,19:40,19:50,20:00,20:10,20:20,20:30,20:40,20:50,21:00,21:10,21:20,21:30,21:40,21:50,22:00,22:10,22:20,22:30,22:40,22:50,23:00,23:10,23:20,23:30,23:40,23:50
1,preferred,0,0,0,50,50,50,50,50,50,0,0,0,0,0,0,0,0,0,0,0,0,0,0,0,0,0,0,0,0,0,0,0,0,0,2,2,900,900,938,938,976,976,900,900,900,0,0,0,0,0,0,0,0,0,0,0,0,0,0,0,100,100,100,100,0,0,0,0,100,100,100,100,0,0,0,0,0,0,0,0,0,0,0,0,0,0,140,0,0,0,0,0,0,0,5,5,5,5,0,0,0,0,0,0,0,0,0,0,0,0,0,0,0,0,0,0,93,0,0,0,0,0,0,0,0,0,0,0,0,0,0,0,0,0,0,0,0,0,0,0,0,0,0,0
1,optimised 1,0,0,0,0,50,50,50,50,50,50,0,0,0,0,0,0,0,0,0,0,0,0,900,900,1040,900,900,900,900,938,938,0,0,0,0,2,2,0,93,38,38,38,38,0,0,0,0,0,0,0,0,0,0,0,0,0,0,0,0,0,0,100,100,100,100,0,0,0,0,100,100,100,100,0,0,0,0,0,0,0,0,0,0,0,0,0,0,0,0,0,0,0,0,0,0,5,5,5,5,0,0,0,0,0,0,0,0,0,0,0,0,0,0,0,0,0,0,0,0,0,0,0,0,0,0,0,0,0,0,0,0,0,0,0,0,0,0,0,0,0,0,0,0,0
1,optimised 2,0,0,0,0,50,50,50,50,50,50,0,0,0,0,0,0,0,0,0,900,900,900,900,900,1040,900,938,938,0,0,0,0,0,0,0,2,2,0,93,38,38,38,38,0,0,0,0,0,0,0,0,0,0,0,0,0,0,0,0,0,0,100,100,100,100,0,0,0,0,100,100,100,100,0,0,0,0,0,0,0,0,0,0,0,0,0,0,0,0,0,0,0,0,0,0,5,5,5,5,0,0,0,0,0,0,0,0,0,0,0,0,0,0,0,0,0,0,0,0,0,0,0,0,0,0,0,0,0,0,0,0,0,0,0,0,0,0,0,0,0,0,0,0,0
2,preferred,0,0,0,0,0,0,0,0,0,0,0,0,0,0,0,0,52,52,52,52,52,0,0,0,0,0,0,0,0,0,0,0,0,0,0,0,0,0,0,0,0,0,0,0,0,0,0,0,0,0,0,0,0,0,0,75,175,1375,1300,1200,0,0,1000,1000,1000,1000,0,0,0,0,0,0,0,0,0,0,0,0,0,93,93,93,0,0,0,0,0,0,0,0,0,0,0,0,0,0,0,0,0,0,0,0,0,0,0,0,0,0,0,0,0,2400,2400,2400,2411,2411,11,311,11,11,0,0,0,0,0,0,0,0,0,700,700,700,700,700,700,0,0,0,0,0,0,0,0,0
2,optimised 1,0,0,0,0,0,0,0,0,0,0,0,0,0,0,0,0,0,52,52,52,52,52,0,0,0,0,0,0,0,0,0,0,0,0,0,0,0,0,0,0,0,0,0,0,0,0,0,0,0,0,0,0,0,0,0,75,75,175,1300,1300,2200,1000,1000,1000,0,0,0,0,0,0,0,0,0,0,0,0,0,0,0,93,93,93,0,0,0,0,0,0,0,0,0,0,0,0,0,0,0,0,0,0,0,0,0,0,0,0,0,0,0,0,0,0,0,0,0,0,0,0,300,0,0,0,0,0,0,0,0,0,0,0,3100,3100,3100,3100,3100,700,11,11,11,11,11,11,0,0
2,optimised 2,0,0,0,0,0,0,0,0,0,0,0,0,0,0,0,0,0,52,52,52,52,1052,1000,1000,1000,0,0,0,0,0,0,0,0,0,0,0,0,0,0,0,0,0,0,0,0,0,0,0,0,0,0,0,0,0,0,75,75,175,1300,1300,1200,0,0,0,0,0,0,0,0,0,0,0,0,0,0,0,0,0,0,93,93,93,0,0,0,0,0,0,0,0,0,0,0,0,0,0,0,0,0,0,0,0,0,0,0,0,0,0,0,0,0,0,0,0,0,0,0,0,300,0,0,0,0,0,0,0,0,0,0,0,700,700,700,700,3100,3100,2411,2411,2411,11,11,11,0,0
3,preferred,0,0,0,0,0,0,0,0,0,0,0,0,0,0,0,0,0,0,0,0,0,0,0,0,0,0,0,0,0,0,0,0,0,0,2200,2200,2200,2200,0,0,0,0,0,0,0,0,0,0,0,0,0,0,0,0,0,0,0,1,1,1,1,1,0,0,0,0,0,0,0,0,100,100,0,0,0,0,0,62,62,62,62,62,0,0,0,45,45,45,0,0,0,0,0,2100,2100,0,45,45,45,0,0,0,0,0,0,0,0,0,0,0,0,0,0,0,0,0,52,52,52,192,192,192,52,0,0,0,0,0,0,0,0,50,50,50,50,0,0,0,0,0,0,0,0,0
3,optimised 1,0,0,0,0,0,0,0,0,0,0,0,0,0,0,0,0,0,0,0,0,0,0,0,0,0,0,0,0,0,0,0,0,0,0,0,0,0,0,0,0,0,0,0,0,0,0,0,0,0,0,0,0,0,0,62,62,62,62,62,1,1,1,1,1,52,52,52,52,52,52,52,100,100,0,0,2200,2200,2200,2200,45,45,45,0,0,0,0,0,0,0,0,0,45,45,45,0,0,0,0,0,0,0,0,0,0,0,0,0,0,0,2100,2100,0,0,0,0,0,0,0,0,0,140,140,140,0,0,0,0,0,0,0,0,0,50,50,50,50,0,0,0,0,0,0,0,0
3,optimised 2,0,0,0,0,0,0,0,0,0,0,0,0,0,0,0,0,0,0,0,0,0,0,0,0,0,0,0,0,0,0,0,0,0,0,0,0,0,0,0,0,0,0,0,0,0,0,0,0,0,0,0,0,0,0,0,0,0,0,0,0,62,62,62,62,114,53,53,53,53,53,52,100,100,2200,2200,2200,2200,0,0,0,0,0,0,0,0,45,45,45,0,0,0,0,0,0,0,0,0,45,45,45,0,0,0,2100,2100,0,0,0,0,0,0,0,0,0,0,0,0,0,0,0,140,140,140,0,0,0,0,0,0,0,0,0,50,50,50,50,0,0,0,0,0,0,0,0
4,preferred,0,0,0,0,0,0,0,30,30,30,0,0,0,0,0,0,0,0,0,0,0,0,0,0,0,0,0,0,0,0,0,148,148,148,148,148,0,0,0,0,0,0,0,0,0,0,0,2,2,2,2402,2402,2402,2400,2400,0,0,0,0,0,0,0,0,0,100,2500,0,0,0,0,0,0,0,0,0,0,0,0,0,0,0,0,0,0,0,0,0,0,0,0,0,0,2000,0,0,0,0,0,0,0,15,15,15,15,15,15,0,0,0,0,0,0,0,0,0,0,0,0,0,1000,1000,1000,1000,1000,0,0,0,0,0,0,0,0,0,0,0,2,2,0,0,0,0,0,0,0
4,optimised 1,0,0,0,0,0,0,0,0,0,0,0,0,0,0,0,0,0,0,0,0,2400,2400,2400,2400,2400,0,0,0,0,0,0,0,148,148,148,148,148,0,0,0,0,0,0,0,0,0,0,0,2,2,2,2,2,2,30,30,30,0,0,0,0,0,0,2400,0,100,100,0,0,0,0,0,0,0,0,0,0,0,0,0,0,2000,0,0,0,0,0,0,0,0,0,0,0,0,0,0,0,0,0,0,0,0,0,0,0,0,0,0,0,0,0,0,0,0,0,0,0,0,0,0,0,0,0,0,1000,1000,1000,1000,1000,0,0,0,0,0,0,0,2,2,15,15,15,15,15,15
4,optimised 2,0,0,0,0,0,0,0,0,0,0,0,0,0,0,0,0,0,0,0,0,2400,2400,2400,2400,2400,0,0,0,0,0,0,0,148,148,148,148,148,0,0,0,0,0,0,0,0,0,0,0,2,2,2,2,2,2,30,30,30,0,0,0,0,0,0,0,0,100,100,2400,0,0,0,0,0,0,0,0,0,0,0,0,0,0,0,0,0,0,0,2000,0,0,0,0,0,0,0,0,0,0,0,0,0,0,0,0,0,0,0,0,0,0,0,0,0,0,0,0,0,0,0,0,0,0,0,0,1000,1000,1000,1000,1000,0,0,0,0,0,0,0,2,2,15,15,15,15,15,15
5,preferred,0,0,0,0,0,0,0,0,0,0,0,0,0,0,0,0,0,0,0,0,0,0,0,2400,2400,0,68,68,68,68,68,68,0,0,0,0,0,0,0,0,6000,6000,6000,6000,6000,0,0,0,0,0,0,0,0,0,0,0,0,0,11,0,2200,2200,2200,2200,0,0,0,0,0,0,0,0,0,0,0,0,0,0,0,0,0,0,0,0,11,11,11,0,0,0,0,2000,2000,2000,2000,2000,2000,2000,0,0,0,0,0,0,0,0,0,0,0,0,0,0,0,0,0,1,1,1,1,2400,2400,2400,2400,0,0,0,0,0,0,0,0,0,30,30,0,0,0,0,0,0,0,0,0,0
5,optimised 1,0,0,0,0,0,0,0,0,0,0,0,0,0,0,0,0,0,0,2030,2030,8011,8011,8011,10400,10400,0,0,0,0,0,0,0,0,0,0,0,0,0,0,0,0,0,0,0,0,0,0,0,0,0,0,0,0,0,0,0,0,0,0,11,2200,2200,2200,2200,68,68,68,68,68,68,0,0,0,0,0,0,2400,2400,2400,2400,0,0,0,0,0,0,0,0,0,0,0,0,0,0,0,0,0,0,0,0,0,0,0,0,0,0,0,0,0,0,0,0,0,0,0,0,1,1,1,1,0,0,0,0,0,0,0,0,0,0,0,0,0,0,0,0,0,0,0,0,0,0,0,0
5,optimised 2,0,0,0,0,0,0,0,8000,8000,8000,8000,8000,2000,2000,0,0,0,0,30,30,11,11,11,2400,2400,0,0,0,0,0,0,0,0,0,0,0,0,0,0,0,0,0,0,0,0,0,0,0,0,0,0,0,0,0,0,0,0,0,0,11,2200,2200,2200,2200,68,68,68,68,68,68,0,0,0,0,0,2400,2400,2400,2400,0,0,0,0,0,0,0,0,0,0,0,0,0,0,0,0,0,0,0,0,0,0,0,0,0,0,0,0,0,0,0,0,0,0,0,0,0,1,1,1,1,0,0,0,0,0,0,0,0,0,0,0,0,0,0,0,0,0,0,0,0,0,0,0,0
6,preferred,0,0,0,0,0,0,0,0,0,120,120,0,0,0,0,0,0,0,0,0,0,0,0,0,0,3600,0,0,0,0,0,55,155,155,155,155,155,55,55,0,0,0,0,0,0,0,0,0,0,0,0,0,0,0,0,0,0,50,50,50,0,0,0,0,0,0,148,1348,1348,1348,1348,1348,148,148,0,0,0,0,0,0,0,0,0,0,0,0,0,0,0,0,0,0,0,0,0,0,0,0,0,0,0,0,15,15,15,15,15,0,0,0,0,0,0,0,0,0,0,0,0,0,0,0,0,0,0,0,0,0,0,0,0,0,0,0,0,0,0,0,80,1280,0,0,0,0
6,optimised 1,0,0,0,0,0,0,0,0,0,0,0,0,0,0,0,0,0,0,0,0,0,100,100,100,100,100,3600,0,0,0,0,0,55,55,55,55,55,55,55,55,0,0,0,0,0,0,0,0,0,0,0,0,0,0,0,0,0,0,50,50,50,0,0,0,0,0,0,148,1348,1348,1348,1348,1348,148,148,0,0,0,0,0,0,1200,0,0,0,0,0,0,0,0,0,0,0,0,0,0,0,0,0,0,0,0,0,15,15,15,15,15,0,120,120,0,0,0,0,0,0,0,0,0,0,0,0,0,0,0,0,0,0,0,0,0,0,0,0,0,0,0,0,80,80,0,0,0
6,optimised 2,0,0,0,0,0,0,0,0,0,0,0,0,0,0,0,0,0,0,0,0,0,100,100,100,100,100,3600,0,0,0,0,0,55,55,55,55,55,55,55,55,0,0,0,0,0,0,0,0,0,0,0,0,0,0,0,0,0,0,50,50,50,0,0,0,0,0,0,148,1348,1348,1348,1348,1348,148,148,0,0,0,0,0,0,0,0,0,0,0,0,1200,0,0,0,0,0,0,0,0,0,0,0,0,0,0,0,15,15,15,15,15,120,120,0,0,0,0,0,0,0,0,0,0,0,0,0,0,0,0,0,0,0,0,0,0,0,0,0,0,0,0,0,80,80,0,0,0
7,preferred,0,50,50,50,0,0,0,0,0,0,0,0,0,0,0,0,0,0,0,0,0,0,0,0,0,0,0,0,400,400,400,400,400,400,0,0,2400,2400,2400,2400,2400,2400,0,0,0,0,0,0,0,0,0,15,15,0,0,100,100,100,0,0,0,0,0,2400,0,0,0,0,0,0,0,0,0,0,0,0,0,0,0,0,0,0,0,0,0,0,0,0,0,38,0,0,0,0,0,0,0,0,0,0,0,0,0,0,0,0,0,0,0,0,0,0,2000,2000,2000,2000,0,0,0,0,0,0,0,0,0,0,0,0,0,0,15,15,0,0,0,0,1,1,1,1,1,0,0,0
7,optimised 1,0,0,50,50,50,0,0,0,0,0,0,0,0,0,0,0,0,0,0,2400,2400,4400,4400,4400,4400,0,0,0,0,0,0,0,0,0,0,0,0,0,0,0,0,0,0,0,0,0,0,0,0,0,0,0,15,15,0,0,100,100,100,0,0,0,0,2400,0,0,0,0,0,0,0,0,0,0,0,0,0,0,0,0,0,0,0,0,0,0,0,0,0,0,38,0,0,0,0,0,0,0,0,0,0,0,0,0,0,0,0,0,0,400,400,400,400,400,400,0,0,0,0,0,0,0,0,0,0,0,0,0,0,0,0,15,15,0,0,0,0,1,1,1,1,1,0,0
7,optimised 2,0,0,50,50,50,0,0,0,0,0,0,0,0,0,0,0,0,0,0,2400,2400,4400,4400,4400,4400,0,0,0,0,0,0,0,0,0,0,0,0,0,0,0,0,0,0,0,0,0,0,0,0,0,0,0,15,15,0,0,100,100,100,0,0,0,0,2400,0,0,0,0,0,0,0,0,0,0,0,0,0,0,0,0,0,0,0,0,0,0,0,0,0,0,38,0,0,0,0,0,0,0,0,0,0,0,0,400,400,400,400,400,400,0,0,0,0,0,0,0,0,0,0,0,0,0,0,0,0,0,0,0,0,0,0,15,15,0,0,0,0,1,1,1,1,1,0,0
8,preferred,6000,6000,6000,6000,6000,6000,6000,6000,0,0,0,56,0,0,0,0,0,0,0,0,0,0,0,0,0,0,0,0,0,0,1000,1000,1000,1000,1000,1000,1000,0,0,0,45,45,45,0,900,900,900,0,0,0,0,0,0,0,0,0,210,210,210,210,210,210,0,0,0,0,0,0,0,0,0,0,0,0,0,0,0,0,0,0,0,0,0,0,0,0,1200,1200,1200,1200,1200,0,0,0,0,0,0,0,0,0,0,0,0,0,0,0,0,0,0,0,0,0,1000,0,0,0,0,0,0,0,0,0,15,15,15,15,15,0,0,0,0,0,0,0,5000,5000,5000,5000,5000,5000,0,0,0,0
8,optimised 1,0,0,0,0,0,0,0,0,0,0,5900,5900,5900,5056,5000,5000,1200,1200,1200,1200,1200,6000,6000,6000,7000,7000,7000,7000,7000,1000,1000,0,0,0,0,0,0,0,0,0,0,45,45,45,0,0,0,0,0,0,0,0,0,0,0,0,0,210,210,210,210,210,210,0,0,0,0,0,0,0,0,0,0,0,0,0,0,0,0,0,0,0,0,0,0,0,0,0,0,0,0,0,0,0,0,0,0,0,0,0,0,0,0,0,0,0,0,0,0,0,0,0,0,1000,0,0,0,0,0,0,0,0,0,15,15,15,15,15,0,0,0,0,0,0,0,0,0,0,0,0,0,0,0,0
8,optimised 2,0,0,0,0,0,0,0,5900,5900,5900,5000,5000,5056,1200,1200,1200,1200,1200,6000,6000,6000,7000,7000,7000,7000,7000,1000,1000,0,0,0,0,0,0,0,0,0,0,0,0,0,45,45,45,0,0,0,0,0,0,0,0,0,0,0,0,0,210,210,210,210,210,210,0,0,0,0,0,0,0,0,0,0,0,0,0,0,0,0,0,0,0,0,0,0,0,0,0,0,0,0,0,0,0,0,0,0,0,0,0,0,0,0,0,0,0,0,0,0,0,0,0,0,1000,0,0,0,0,0,0,0,0,0,15,15,15,15,15,0,0,0,0,0,0,0,0,0,0,0,0,0,0,0,0
9,preferred,0,0,0,0,0,0,0,0,0,1200,1200,0,0,0,0,0,0,600,600,600,0,0,0,0,0,0,0,0,0,0,0,0,2400,0,0,0,0,0,0,0,0,0,0,0,0,0,0,0,0,0,0,0,0,0,0,0,0,0,0,0,210,210,210,0,0,0,0,0,600,600,0,0,0,0,0,2300,2300,0,0,0,0,0,0,0,0,0,0,0,0,0,0,0,0,0,0,0,0,0,0,0,0,0,0,0,0,0,0,0,0,0,0,0,2200,2200,1000,1000,1000,1000,0,0,0,0,0,0,0,0,0,0,0,0,0,0,0,62,62,62,0,0,0,1200,1200,1200,0,0
9,optimised 1,0,0,0,0,0,0,0,0,0,0,0,0,0,0,0,62,62,62,1800,1800,1800,1000,1000,3300,3300,1200,1200,0,0,0,2400,0,0,0,0,0,0,0,0,0,0,0,0,0,0,0,0,0,0,0,0,0,0,0,0,0,0,0,0,0,0,210,210,210,0,0,0,0,0,600,600,0,0,0,0,0,0,0,0,0,0,0,0,0,0,0,0,0,0,0,0,0,0,0,0,0,0,0,0,0,0,0,0,0,0,0,0,0,0,0,0,0,0,0,0,0,0,0,0,0,0,0,0,0,0,0,0,0,0,0,2200,2200,0,0,0,0,0,0,0,0,0,0,0,0
9,optimised 2,0,0,0,0,0,0,0,0,2300,2300,0,0,0,0,0,62,62,62,1800,1800,1800,1000,1000,1000,3400,1200,1200,0,0,0,0,0,0,0,0,0,0,0,0,0,0,0,0,0,0,0,0,0,0,0,0,0,0,0,0,0,0,0,0,0,0,210,210,210,0,0,0,0,0,600,600,0,0,0,0,0,0,0,0,0,0,0,0,0,0,0,0,0,0,0,0,0,0,0,0,0,0,0,0,0,0,0,0,0,0,0,0,0,0,0,0,0,0,0,0,0,0,0,0,0,0,0,0,0,0,0,0,0,0,0,0,0,0,0,0,0,2200,2200,0,0,0,0,0,0
10,preferred,0,0,0,0,100,100,100,100,5,0,0,2200,2300,2300,2300,2300,104,0,0,0,0,0,0,0,0,0,0,0,0,0,0,0,0,0,0,0,0,0,0,0,0,0,0,0,0,0,0,0,0,0,0,0,0,5,5,5,5,5,0,0,0,0,0,0,0,0,0,0,0,0,38,38,38,38,38,38,0,0,0,0,0,0,0,0,0,0,0,0,0,0,2000,2000,2000,2062,62,62,62,0,0,0,0,0,0,20,20,20,0,0,0,0,0,0,0,0,0,0,0,0,0,0,0,0,0,0,0,0,0,0,0,0,0,0,0,0,0,0,0,0,0,0,0,0,0,0
10,optimised 1,0,0,0,0,0,0,0,0,0,5,2000,2000,4200,4300,2400,2400,2400,204,0,0,0,62,62,62,62,0,0,0,0,0,0,38,38,38,38,38,38,0,0,0,0,0,0,0,0,0,0,0,0,0,0,0,0,0,5,5,5,5,5,0,0,0,0,0,0,0,0,0,0,0,0,0,0,0,0,0,0,0,0,0,0,0,0,0,0,0,0,0,0,0,0,0,0,0,0,0,0,0,0,0,0,0,0,0,0,0,20,20,20,0,0,0,0,0,0,0,0,0,0,0,0,0,0,0,0,0,0,0,0,0,0,0,0,0,0,0,0,0,0,0,0,0,0,0
10,optimised 2,0,0,0,0,0,0,0,4262,4262,4267,4262,2300,100,200,200,100,100,104,0,0,0,0,0,0,0,0,38,38,38,38,38,38,0,0,0,0,0,0,0,0,0,0,0,0,0,0,0,0,0,0,0,0,0,0,5,5,5,5,5,0,0,0,0,0,0,0,0,0,0,0,0,0,0,0,0,0,0,0,0,0,0,0,0,0,0,0,0,0,0,0,0,0,0,0,0,0,0,0,0,0,0,0,0,0,20,20,20,0,0,0,0,0,0,0,0,0,0,0,0,0,0,0,0,0,0,0,0,0,0,0,0,0,0,0,0,0,0,0,0,0,0,0,0,0
11,preferred,0,0,0,0,0,0,0,0,0,100,100,100,0,0,55,55,55,55,55,0,0,0,0,1000,1000,1000,1000,1000,0,0,0,0,0,0,0,0,0,0,0,8,8,8,8,0,500,500,500,500,500,0,0,1200,1200,0,0,0,0,0,0,0,0,0,0,0,0,0,0,0,0,0,0,0,0,0,0,0,0,0,0,0,0,120,120,0,0,0,0,700,700,700,0,0,0,0,0,0,0,0,0,0,550,550,550,0,0,0,0,0,0,0,0,0,0,0,0,0,0,0,0,0,0,0,0,0,0,0,0,0,0,0,2000,2000,0,0,0,0,0,0,0,0,0,0,0,0
11,optimised 1,0,0,0,0,0,0,0,0,0,0,500,500,500,500,500,155,155,155,55,55,1000,1000,1000,1000,1000,0,0,0,0,0,0,8,8,8,8,0,0,0,0,0,0,0,0,0,0,0,0,0,0,0,0,0,0,0,0,0,0,0,0,0,0,0,0,0,0,0,0,0,0,0,0,0,0,0,0,0,0,0,120,120,1200,1200,0,0,0,0,0,0,0,0,0,0,0,0,0,0,0,0,0,0,0,0,0,0,0,0,0,0,0,550,550,550,0,0,0,0,0,0,0,0,0,0,0,0,0,0,0,0,0,0,700,2700,2700,0,0,0,0,0,0,0,0,0,0,0
11,optimised 2,0,0,0,0,0,0,0,1500,1500,1500,1500,1500,100,100,100,55,55,55,55,55,0,0,0,0,0,0,0,8,8,8,8,0,0,0,0,0,0,0,0,0,0,0,0,0,0,0,0,0,0,0,0,0,0,0,0,0,0,0,0,0,0,0,0,0,0,0,0,0,0,0,0,0,0,0,0,0,0,0,0,0,120,120,0,0,0,1200,1200,0,0,0,0,0,0,0,0,0,0,0,0,0,0,0,0,550,550,550,0,0,0,0,0,0,0,0,0,0,0,0,0,0,0,0,0,0,0,0,0,0,0,0,0,2000,2000,0,0,0,700,700,700,0,0,0,0,0
12,preferred,0,0,0,0,0,0,0,0,0,0,0,0,0,0,0,0,0,0,0,0,130,130,130,130,130,0,0,0,0,1000,0,0,0,0,0,0,0,0,6000,6000,0,0,0,0,0,0,0,0,6000,6000,6000,6000,6000,6038,6038,0,0,0,0,0,0,0,0,0,0,0,0,0,0,0,0,0,0,0,0,350,350,350,350,0,0,0,0,0,0,0,0,0,0,0,0,0,0,0,0,0,0,0,1000,1000,1000,1000,0,0,0,0,0,130,130,130,130,0,0,0,0,0,0,0,0,0,0,0,0,35,50,50,35,35,0,0,0,0,0,0,0,0,0,0,0,0,0,0,0,0
12,optimised 1,0,0,0,0,0,0,0,0,0,0,0,0,0,0,0,0,0,0,6000,6000,6000,6000,6000,6000,6000,130,130,130,130,6130,7130,130,130,130,0,0,0,0,0,0,0,0,0,0,350,350,350,350,0,0,0,0,0,0,38,38,0,0,0,0,0,0,0,0,0,0,0,0,0,0,0,0,0,0,0,0,0,0,0,0,0,0,0,0,0,0,0,0,0,0,0,0,0,0,0,0,0,0,0,0,0,0,0,0,0,0,0,0,0,0,0,0,0,0,0,0,0,0,0,0,0,0,0,0,35,50,50,35,35,0,1000,1000,1000,1000,0,0,0,0,0,0,0,0,0,0
12,optimised 2,0,0,0,0,0,0,0,6000,6000,6000,6000,6000,6000,6000,0,0,0,130,130,130,130,130,130,6130,6130,130,0,0,0,0,1000,0,0,0,0,0,0,0,350,350,350,350,0,0,0,0,0,0,0,0,0,0,0,0,38,38,0,0,0,0,0,0,0,0,0,0,0,0,0,0,0,0,0,0,0,0,0,0,0,0,0,0,0,0,0,0,0,0,0,0,0,0,0,0,0,0,0,0,0,0,0,0,0,0,0,0,0,0,0,0,0,0,0,0,0,0,0,0,0,0,0,0,0,0,35,50,50,35,35,0,0,0,0,0,0,1000,1000,1000,1000,0,0,0,0,0
13,preferred,0,0,0,0,0,0,0,0,0,0,0,0,1200,1200,0,0,0,0,0,0,0,0,0,0,0,0,0,0,0,0,0,0,0,0,0,0,0,0,0,0,0,0,6000,0,0,0,0,0,0,0,0,0,0,0,0,0,1100,1100,0,0,0,0,0,0,0,0,100,100,100,0,100,200,100,100,100,100,100,100,0,0,0,0,0,0,0,0,0,0,0,0,0,0,0,0,0,0,0,500,500,535,2900,2900,2900,2900,0,0,0,0,0,0,0,0,0,0,0,0,0,1000,0,0,0,0,0,0,0,0,0,0,0,0,0,0,0,0,0,0,0,0,0,0,0,0,0,0
13,optimised 1,0,0,0,0,0,0,0,0,0,0,0,0,0,1200,1200,0,0,0,0,0,0,0,0,6000,1000,0,0,0,0,0,0,0,0,0,0,0,0,0,0,0,0,0,0,0,0,0,0,0,0,0,0,0,0,0,0,0,0,1100,1100,0,0,0,0,0,0,0,0,0,0,0,0,100,700,600,600,600,600,600,600,100,100,100,0,0,0,0,0,0,0,0,0,0,0,0,0,0,0,0,0,35,0,0,0,0,0,0,0,0,0,0,0,0,0,0,0,0,0,0,0,0,0,0,0,0,0,0,0,0,0,0,2400,2400,2400,2400,0,0,0,0,0,0,0,0,0,0
13,optimised 2,0,0,0,0,0,0,0,0,7200,2200,0,0,0,0,0,0,0,0,0,0,0,0,0,0,0,0,0,0,0,0,0,0,0,0,0,0,0,0,0,0,0,0,0,0,0,0,0,0,0,0,0,0,0,0,0,0,0,1100,1100,0,0,0,0,0,0,0,0,0,0,0,0,100,700,600,600,600,600,600,600,100,100,100,0,0,0,0,0,0,0,0,0,0,0,0,0,0,0,0,0,0,35,0,0,2400,2400,2400,2400,0,0,0,0,0,0,0,0,0,0,0,0,0,0,0,0,0,0,0,0,0,0,0,0,0,0,0,0,0,0,0,0,0,0,0,0,0
14,preferred,0,0,0,0,0,0,0,0,0,15,15,15,15,15,15,0,0,0,0,0,0,0,0,0,0,0,0,60,60,60,60,60,0,0,0,0,0,0,0,0,0,0,0,10,10,10,10,14,2300,2300,0,0,0,0,0,0,0,0,6000,6000,6000,6000,6000,6000,6000,0,0,0,0,0,0,0,0,0,0,0,0,0,0,0,0,0,0,0,0,0,1200,1200,0,100,100,100,100,0,0,0,0,0,0,0,0,0,0,0,0,0,0,0,0,0,0,0,0,0,2300,0,0,0,0,0,0,0,0,0,0,0,0,0,0,0,0,0,2400,2400,2400,2400,0,0,0,0,0,0,0,0
14,optimised 1,0,0,0,0,0,0,0,0,0,0,0,0,0,0,0,0,0,6000,6000,6000,6000,6000,6000,6000,2300,15,15,15,75,75,75,60,60,0,0,0,0,0,0,0,100,100,100,100,3510,3510,10,10,14,0,0,0,0,0,0,0,0,0,0,0,0,0,0,0,0,0,0,0,0,0,0,0,0,0,0,0,0,0,0,0,0,0,0,0,0,0,0,0,0,0,0,0,0,0,0,0,0,0,0,0,0,0,0,0,0,0,0,0,0,0,0,0,0,0,0,0,0,0,0,0,0,0,0,0,0,0,0,0,0,0,0,0,0,0,0,2400,2400,2400,2400,0,0,0,0,0
14,optimised 2,0,0,0,0,0,0,0,6000,6000,6000,6000,6000,6000,6000,0,0,0,0,0,0,0,0,0,2300,15,15,15,15,75,75,60,60,60,0,0,0,0,0,0,0,100,100,100,100,1210,1210,10,10,14,2300,2300,0,0,0,0,0,0,0,0,0,0,0,0,0,0,0,0,0,0,0,0,0,0,0,0,0,0,0,0,0,0,0,0,0,0,0,0,0,0,0,0,0,0,0,0,0,0,0,0,0,0,0,0,0,0,0,0,0,0,0,0,0,0,0,0,0,0,0,0,0,0,0,0,0,0,0,0,0,0,0,0,0,0,0,0,2400,2400,2400,2400,0,0,0,0,0
15,preferred,0,0,0,0,0,0,0,0,0,0,0,0,0,0,0,0,0,400,400,400,300,0,0,0,0,0,0,0,0,0,0,0,0,0,0,0,0,0,0,0,0,0,0,0,0,0,0,0,0,0,0,0,0,0,0,0,0,0,0,0,5500,5500,1500,0,0,0,0,0,0,0,0,100,100,100,100,0,0,0,0,0,4000,4000,4000,4000,4000,4000,4000,0,0,0,0,0,0,0,0,210,210,210,210,210,0,0,0,0,0,0,0,0,0,0,0,0,0,0,0,0,0,0,72,72,80,80,80,80,80,155,155,80,0,0,0,0,0,0,0,0,0,0,0,0,0,0,0,0
15,optimised 1,0,0,0,0,0,0,0,0,0,0,0,0,0,0,0,0,0,0,0,0,0,0,0,4000,4000,0,0,0,0,0,0,0,0,0,0,0,0,0,0,0,0,0,0,0,0,0,0,0,0,0,0,0,0,0,0,0,0,0,0,72,72,1500,1500,1500,100,100,100,0,0,0,0,0,100,100,100,400,300,300,300,0,0,0,0,0,0,0,0,0,0,0,0,0,0,0,0,0,0,0,0,0,0,0,0,0,0,0,0,0,0,210,210,210,210,210,0,0,0,0,0,0,0,80,80,80,80,80,80,80,80,75,4075,4000,4000,4000,4000,4000,4000,0,0,0,0,0,0,0
15,optimised 2,0,0,0,0,0,0,0,0,4000,4000,0,0,0,0,0,0,0,0,0,0,0,0,0,0,0,0,0,0,0,0,0,0,0,0,0,0,0,0,0,0,0,0,0,0,0,0,0,0,0,0,0,0,0,0,0,0,0,0,0,72,72,1500,1500,1500,100,100,100,300,300,300,300,0,100,100,100,100,0,0,0,0,0,0,0,0,0,0,0,0,0,0,0,0,0,0,0,0,0,0,0,0,0,0,0,210,210,210,210,210,0,0,0,0,0,0,0,0,0,0,0,0,0,80,80,80,80,80,80,80,80,75,75,0,4000,4000,4000,4000,4000,4000,4000,0,0,0,0,0
16,preferred,0,0,0,0,0,0,0,0,0,0,0,0,0,0,0,0,0,0,0,0,0,0,0,0,0,0,0,0,0,0,0,0,2400,0,0,0,0,0,0,0,0,0,0,2200,2200,2200,0,0,0,0,0,0,72,72,72,72,0,0,0,0,0,0,0,0,0,0,0,0,0,0,0,0,0,0,0,0,0,0,0,0,0,0,0,350,350,350,0,500,500,1272,772,72,72,0,0,0,0,0,100,100,100,100,100,0,0,0,0,0,0,0,0,0,0,0,0,0,0,0,0,0,0,0,0,0,0,0,0,0,0,0,0,0,2800,2800,2800,600,600,0,0,0,0,0,0,0
16,optimised 1,0,0,0,0,0,0,0,0,0,0,0,0,0,0,0,0,0,0,0,0,0,0,0,0,2400,0,0,0,0,0,0,0,0,0,0,0,0,0,0,0,0,0,0,0,0,0,0,0,100,100,100,100,100,72,72,72,72,0,0,0,0,0,0,0,0,0,0,0,0,0,0,0,600,600,600,600,600,700,700,850,850,850,0,0,0,0,0,0,0,0,72,72,72,72,0,0,0,0,0,0,0,0,0,0,0,0,0,0,0,2200,2200,2200,0,0,0,0,0,0,0,0,0,0,0,0,0,0,0,0,0,0,2200,2200,2200,0,0,0,0,0,0,0,0,0,0,0
16,optimised 2,0,0,0,0,0,0,0,0,0,2400,0,0,0,0,0,0,0,0,0,0,0,0,0,0,0,0,0,0,0,0,0,0,0,0,0,0,0,0,0,0,0,0,0,0,0,0,0,0,100,100,100,100,100,72,72,72,72,0,0,0,0,0,0,0,0,0,0,0,0,0,0,0,0,0,600,600,600,600,600,0,0,0,0,0,0,350,1050,1050,500,500,572,72,72,72,0,0,0,0,0,0,0,0,0,2200,2200,2200,0,0,0,0,0,0,0,0,0,0,0,0,0,0,0,0,0,0,0,0,0,0,0,0,0,0,0,0,0,0,2200,2200,2200,0,0,0,0,0
17,preferred,0,0,0,0,0,0,0,0,2000,2000,2000,2000,2000,0,0,0,0,0,0,0,0,0,0,0,0,0,2400,3400,3400,4000,4000,1600,668,68,0,0,0,0,0,0,0,0,0,0,0,10,0,0,0,0,0,0,0,0,0,0,0,0,0,0,0,0,0,0,0,0,0,0,0,0,0,0,2400,0,0,0,0,0,0,0,0,0,0,0,0,0,0,0,0,0,0,0,0,0,0,0,0,0,0,0,0,6000,0,0,0,0,0,0,0,0,0,0,0,0,0,0,550,550,2750,2200,2200,0,0,0,0,0,0,0,0,0,0,0,0,0,0,0,0,0,0,0,0,0,0,0
17,optimised 1,0,0,0,0,0,0,0,0,0,0,0,0,0,0,6000,1000,1000,1000,1000,1000,4400,4400,4400,4400,6800,0,0,0,0,0,600,600,600,668,68,0,0,0,0,0,0,0,0,0,0,0,10,0,0,0,0,0,0,0,0,0,0,0,0,0,0,0,0,0,0,0,0,0,0,0,0,0,0,0,0,0,0,0,0,0,0,0,0,0,0,0,0,0,0,0,0,0,0,0,0,0,0,0,0,0,0,0,0,0,0,0,0,0,0,0,0,0,0,0,0,0,0,550,550,550,0,0,0,0,0,0,0,0,0,0,2200,2200,2200,0,0,0,0,0,0,0,0,0,0,0
17,optimised 2,0,0,0,0,0,0,0,8400,3400,5800,3400,3400,1000,0,0,0,2000,2000,2000,2000,2000,0,0,0,0,0,0,600,600,600,600,0,0,68,68,0,0,0,0,0,0,0,0,0,0,0,10,0,0,0,0,0,0,0,0,0,0,0,0,0,0,0,0,0,0,0,0,0,0,0,0,0,0,0,0,0,0,0,0,0,0,0,0,0,0,0,0,0,0,0,0,0,0,0,0,0,0,0,0,0,0,0,0,0,0,0,0,0,0,0,0,0,0,0,0,0,0,550,550,550,0,0,0,0,0,0,0,0,0,0,2200,2200,2200,0,0,0,0,0,0,0,0,0,0,0
18,preferred,0,0,0,0,0,0,0,120,0,0,10,10,10,0,0,0,0,0,0,0,0,0,0,0,0,0,0,0,0,0,0,0,0,0,0,60,60,60,0,0,0,0,0,0,0,0,1100,0,0,0,0,0,0,0,0,0,0,0,0,0,0,0,0,0,56,0,0,0,0,0,0,0,0,0,0,0,0,0,0,0,0,0,0,0,0,0,0,0,0,0,0,0,0,0,0,0,0,0,0,0,0,0,0,3500,3500,3500,3500,3500,3555,55,55,55,55,0,0,0,0,0,0,0,0,0,0,0,0,0,0,1105,1105,3405,3405,3405,3405,1105,1105,0,0,0,0,0,0,0,0,0
18,optimised 1,0,0,0,0,0,0,0,0,120,0,0,10,10,10,0,0,0,0,0,0,0,5800,5800,5800,5800,3500,3500,0,0,0,0,0,0,0,0,0,60,60,60,0,0,0,0,0,0,1100,0,0,0,0,0,0,0,0,0,0,0,0,0,0,0,0,0,0,0,56,0,0,0,0,0,0,0,0,0,0,0,0,0,0,0,0,0,0,0,0,0,0,0,0,0,0,0,0,0,0,0,0,0,0,0,0,0,0,0,0,0,0,0,55,55,55,55,55,0,0,0,0,0,0,0,0,0,0,0,0,0,0,5,5,1105,1105,1105,1105,1105,1105,1100,1100,0,0,0,0,0,0
18,optimised 2,0,0,0,0,0,0,0,2300,2420,2300,2300,10,10,10,0,0,0,0,0,3500,3500,3500,3500,3500,3500,0,0,0,0,0,0,0,0,0,0,0,60,60,60,0,0,0,0,0,0,1100,0,0,0,0,0,0,0,0,0,0,0,0,0,0,0,0,0,0,0,56,0,0,0,0,0,0,0,0,0,0,0,0,0,0,0,0,0,0,0,0,0,0,0,0,0,0,0,0,0,0,0,0,0,0,0,0,0,0,0,0,0,55,55,55,55,55,0,0,0,0,0,0,0,0,0,0,0,0,0,0,0,0,5,5,5,1105,1105,1105,1105,1105,1100,1100,1100,0,0,0,0,0
19,preferred,0,0,0,0,0,0,0,0,0,0,0,0,0,0,0,0,0,0,72,72,0,0,0,0,650,650,650,0,0,0,0,0,0,0,0,0,0,0,0,0,0,0,0,1000,1000,1000,1000,1000,0,0,0,0,0,0,0,0,0,0,0,0,0,0,0,0,0,0,0,100,100,100,0,0,0,0,0,0,0,0,0,0,0,0,0,0,0,55,55,55,55,0,0,0,0,0,0,0,0,0,0,0,0,0,0,0,0,900,900,900,1550,1550,900,0,2400,2400,0,0,0,0,0,0,0,0,0,0,0,0,0,0,2400,2400,2400,2400,3600,0,0,0,0,0,0,0,0,0,0,0
19,optimised 1,0,0,0,0,0,0,0,0,0,0,0,0,0,0,0,0,0,0,0,0,0,0,0,0,0,650,650,650,72,72,0,0,0,0,0,0,0,0,0,0,0,0,0,0,1000,1000,1000,1000,1000,0,0,0,0,0,0,0,0,0,0,0,0,0,0,0,0,0,0,0,0,0,0,0,0,0,0,0,0,0,55,55,55,55,0,0,0,0,0,0,0,0,0,0,0,0,0,0,0,0,0,0,0,0,0,0,0,0,0,0,0,1550,1550,1000,1000,3400,3300,0,0,0,0,0,0,0,0,0,0,0,0,0,0,0,2400,2400,3600,2400,2400,0,0,0,0,0,0,0,0,0
19,optimised 2,0,0,0,0,0,0,0,0,0,0,0,0,0,0,0,0,0,0,0,0,0,0,0,0,0,650,650,650,72,72,0,0,0,0,0,0,0,0,0,0,0,0,0,0,1000,1000,1000,1000,1000,0,0,0,0,0,0,0,0,0,0,0,0,0,0,0,0,0,0,0,0,0,0,0,0,0,0,0,0,0,0,0,0,0,0,0,0,0,55,55,55,55,0,0,0,0,0,0,0,0,0,0,0,0,0,650,650,100,1000,1000,900,900,900,900,0,0,0,2400,2400,0,0,0,0,0,0,0,0,0,0,0,0,0,0,0,0,1200,2400,2400,2400,2400,2400,0,0,0,0,0
20,preferred,0,0,0,0,0,0,0,0,0,0,0,0,0,0,0,500,500,500,500,500,0,0,0,0,0,0,150,150,150,150,150,150,0,0,0,0,0,0,0,0,0,0,0,0,0,0,0,0,140,140,140,0,0,0,0,0,0,0,0,0,0,0,0,0,0,0,0,0,900,900,0,0,0,0,0,0,0,0,0,0,0,0,0,0,0,0,0,0,0,0,0,0,0,0,0,1000,1000,0,0,0,0,0,0,0,0,300,300,300,300,0,93,393,393,300,300,300,300,300,300,0,0,6000,6045,6045,6000,6000,6000,6000,6000,6000,6000,0,0,0,0,0,0,0,0,0,0,0,0,0
20,optimised 1,0,0,0,0,0,0,0,0,0,0,0,0,0,900,900,6000,6500,6500,6500,6500,6500,6000,6000,6000,6000,0,0,150,150,150,150,150,150,0,0,0,0,0,0,0,0,0,0,0,0,0,0,0,0,140,140,140,0,0,0,0,0,0,0,0,0,0,0,0,0,0,0,0,0,0,0,0,0,0,0,0,0,0,0,0,0,0,0,0,0,0,0,0,0,0,0,0,0,0,0,0,0,0,0,0,0,0,0,0,0,0,0,0,0,1300,1300,393,393,93,0,0,0,0,0,0,0,0,0,45,45,300,300,300,300,300,300,300,300,0,0,0,0,0,0,0,0,0,0,0
20,optimised 2,0,0,0,0,0,0,0,0,0,0,0,0,0,0,900,900,6500,6500,6500,6500,6500,6000,6000,6000,6000,6000,0,150,150,150,150,150,150,0,0,0,0,0,0,0,0,0,0,0,0,0,0,0,0,140,140,140,0,0,0,0,0,0,0,0,0,0,0,0,0,0,0,0,0,0,0,0,0,0,0,0,0,0,0,0,0,0,0,0,0,0,0,0,0,0,0,0,0,0,0,0,0,0,0,0,0,0,0,1000,1000,0,300,300,300,300,0,93,93,93,0,0,0,0,0,0,0,0,0,45,45,0,0,0,0,0,300,300,300,300,300,300,300,300,0,0,0,0,0,0
21,preferred,0,0,0,0,0,0,0,0,0,0,0,3500,3568,3568,3568,3568,68,68,0,0,0,0,0,0,0,0,0,0,0,0,0,0,0,0,0,0,0,0,0,2400,0,8,8,8,8,8,8,8,8,0,0,0,2400,2400,2400,0,0,15,15,1715,1715,1715,1700,0,0,0,0,0,0,0,0,0,0,0,0,0,550,550,550,2000,0,0,0,0,0,0,0,0,0,0,0,0,0,0,0,0,0,0,0,0,0,0,0,0,0,0,0,0,0,0,0,0,0,0,0,0,1000,1000,0,0,0,0,0,0,0,0,0,0,0,0,0,0,0,0,0,0,0,0,0,0,0,0,0,0
21,optimised 1,0,0,0,0,0,0,0,0,0,0,0,0,0,1700,1700,1700,1700,3515,3515,3515,3515,3515,3468,3468,4468,68,68,68,0,0,0,0,0,0,0,0,2400,0,0,0,0,0,8,8,8,8,8,558,558,558,0,0,0,0,0,0,0,0,0,0,0,0,0,0,0,0,0,0,0,0,0,0,0,0,0,0,0,0,0,0,0,0,0,0,0,0,0,0,0,0,0,0,0,0,0,0,0,0,0,0,0,0,0,0,0,0,0,0,0,0,0,0,0,0,0,0,0,0,0,0,0,0,0,0,0,0,0,0,0,0,0,0,0,0,0,0,0,0,0,0,0,0,0,0
21,optimised 2,0,0,0,0,0,0,0,1700,1700,1700,1700,0,0,0,0,0,3500,3515,3515,3515,3515,15,3468,3468,4468,68,68,68,0,0,2400,0,0,0,0,0,0,0,0,0,0,0,8,8,8,8,8,558,558,558,0,0,0,0,0,0,0,0,0,0,0,0,0,0,0,0,0,0,0,0,0,0,0,0,0,0,0,0,0,0,0,0,0,0,0,0,0,0,0,0,0,0,0,0,0,0,0,0,0,0,0,0,0,0,0,0,0,0,0,0,0,0,0,0,0,0,0,0,0,0,0,0,0,0,0,0,0,0,0,0,0,0,0,0,0,0,0,0,0,0,0,0,0,0
22,preferred,0,0,0,0,0,0,0,1,0,0,0,0,0,0,0,0,0,15,15,15,1215,1200,1200,1200,1200,0,0,0,0,0,0,0,0,0,0,0,0,0,0,0,0,0,0,400,400,400,0,0,0,0,0,0,0,0,0,0,0,0,0,0,0,0,0,0,0,0,0,1200,1200,1200,1200,1200,0,0,0,0,0,120,0,0,0,0,0,0,0,0,0,0,0,0,0,0,0,0,0,0,0,0,0,0,0,0,0,0,0,0,0,0,8,8,0,0,0,0,0,0,0,0,0,0,0,0,0,0,0,0,0,0,1200,1200,1200,1252,1252,52,700,700,700,0,0,0,0,0,0,0
22,optimised 1,0,0,0,0,0,0,0,0,1,0,0,0,0,0,0,0,0,0,0,0,120,1200,1200,1200,1200,1200,0,0,0,0,0,0,0,0,0,0,0,0,0,0,0,0,0,0,400,400,400,0,0,0,0,0,0,0,0,0,0,0,0,1200,1200,1200,1200,1200,0,0,0,0,0,0,0,0,0,0,0,0,0,0,0,0,0,0,0,0,0,0,0,0,0,0,0,0,0,0,0,0,0,0,0,0,0,0,0,0,0,0,0,0,0,8,8,0,0,0,0,0,0,0,0,0,0,0,0,0,0,0,0,0,0,1200,1200,1200,1200,1200,52,752,752,700,15,15,15,15,0,0
22,optimised 2,0,0,0,0,0,0,0,0,1,0,0,0,0,0,0,0,0,0,0,0,120,1200,1200,1200,1200,1200,0,0,0,0,0,0,0,0,0,0,0,0,0,0,0,0,0,0,400,400,400,0,0,0,0,0,0,0,0,0,0,0,0,0,0,0,0,0,0,0,0,1200,1200,1200,1200,1200,0,0,0,0,0,0,0,0,0,0,0,0,0,0,0,0,0,0,0,0,0,0,0,0,0,0,0,0,0,0,0,0,0,0,0,0,0,8,8,0,0,0,0,0,0,0,0,0,0,0,0,0,0,0,0,0,0,0,0,0,0,0,1200,1900,1900,1900,1215,67,67,67,0,0
23,preferred,0,0,0,0,0,0,0,0,0,0,0,0,0,0,0,0,0,0,0,0,0,0,0,0,0,0,0,0,0,0,0,0,0,0,0,0,0,0,0,0,0,0,0,0,0,0,0,0,0,0,0,0,3600,3600,3600,3600,3600,3600,3600,3600,0,0,0,0,0,0,0,0,0,0,0,0,0,0,0,0,1100,1100,0,0,0,0,0,0,0,0,0,0,0,0,0,0,0,0,38,38,38,100,100,100,100,8,8,128,128,120,120,120,120,0,0,650,650,650,0,0,0,0,0,0,0,0,0,0,0,0,0,0,0,0,0,0,0,550,550,550,0,0,1850,1850,1850,1700,1700,0
23,optimised 1,0,0,0,0,0,0,0,0,0,0,0,0,0,8,8,8,8,3600,3600,3720,3720,3720,3720,3720,3720,0,0,0,0,0,0,0,0,0,0,0,0,0,0,0,0,0,0,0,0,0,0,0,0,0,0,0,0,0,0,0,0,0,0,0,0,0,0,0,0,0,0,0,0,0,0,0,0,0,0,0,0,1100,1100,0,0,0,0,0,0,0,0,0,0,0,0,38,38,38,0,0,0,0,0,0,0,0,0,0,0,0,0,0,0,100,100,100,750,650,650,0,0,0,0,0,0,0,0,0,0,0,0,0,0,0,0,0,0,0,2250,2250,2250,1700,1700,150,150,150,0,0
23,optimised 2,0,0,0,0,0,0,0,120,120,120,120,120,120,8,8,8,8,3600,3600,3600,3600,3600,3600,3600,3600,0,0,0,0,0,0,0,0,0,0,0,0,0,0,0,0,0,0,0,0,0,0,0,0,0,0,0,0,0,0,0,0,0,0,0,0,0,0,0,0,0,0,0,0,0,0,0,0,0,0,0,0,1100,1100,0,0,0,0,0,0,0,0,0,38,38,38,0,0,0,0,0,0,0,0,0,0,0,0,100,100,100,100,0,0,0,0,0,0,0,0,650,650,650,0,0,0,0,0,0,0,0,0,0,0,0,0,0,0,0,2250,2250,2250,1700,1700,150,150,150,0,0
24,preferred,0,0,0,0,0,0,0,0,0,0,0,0,0,0,0,0,0,600,600,600,600,600,0,0,0,0,0,0,0,0,0,0,0,0,0,0,0,0,0,0,0,0,0,0,0,0,0,1168,1168,1168,68,1200,1200,1200,1200,0,0,0,900,0,0,4,4,0,0,0,0,0,0,0,0,0,0,0,0,0,0,0,0,1000,1000,1000,0,0,0,0,0,0,0,0,0,0,0,0,0,0,0,0,0,0,0,0,0,0,0,0,0,0,0,2200,2200,0,0,0,0,0,0,0,0,6900,900,900,0,0,0,0,0,0,0,0,0,0,0,0,0,0,0,0,0,0,0,0,0,0
24,optimised 1,0,0,0,0,0,0,0,0,0,0,0,0,0,0,0,0,0,0,600,600,600,600,600,0,7000,1000,1000,1200,1200,1200,1200,0,0,0,0,0,0,0,0,0,0,0,0,1100,1100,1100,0,0,68,68,68,68,0,0,0,0,0,0,0,900,0,0,4,4,0,0,0,0,0,0,0,0,0,0,0,0,0,0,0,0,0,0,0,0,0,0,0,0,0,0,0,0,0,0,0,0,0,0,0,0,0,0,0,0,0,0,0,0,0,0,0,0,0,0,0,0,0,0,0,0,0,0,0,0,0,0,0,0,0,0,3100,3100,900,0,0,0,0,0,0,0,0,0,0,0
24,optimised 2,0,0,0,0,0,0,0,0,0,6000,0,0,0,0,0,0,0,0,600,600,600,600,600,0,1000,1000,1000,1200,1200,1200,1200,0,0,0,0,0,0,0,0,0,0,0,0,1100,1100,1100,0,0,68,68,68,68,0,0,0,0,0,0,0,900,0,0,4,4,0,0,0,0,0,0,0,0,0,0,0,0,0,0,0,0,0,0,0,0,0,0,0,0,0,0,0,0,0,0,0,0,0,0,0,0,0,0,0,0,0,0,0,0,0,0,2200,2200,0,0,0,0,0,0,0,0,0,0,0,0,0,0,0,0,0,0,0,0,0,0,0,0,900,900,900,0,0,0,0,0
25,preferred,0,0,0,0,0,0,0,0,3600,3602,3602,3600,0,0,1000,1000,1000,0,0,0,0,0,0,0,0,0,0,0,0,0,0,0,0,0,0,0,0,0,0,0,0,0,0,140,140,140,0,0,0,0,600,600,600,600,0,0,0,30,0,0,0,0,0,0,0,0,0,3500,0,0,0,0,0,0,0,0,0,0,0,0,0,0,0,0,0,0,0,0,0,0,0,0,0,0,0,0,0,0,0,0,0,0,0,0,0,0,0,0,0,0,0,0,0,0,0,0,0,0,0,0,0,0,652,650,650,1650,1650,1000,0,0,0,0,0,0,0,0,0,0,0,0,0,0,0,0
25,optimised 1,0,0,0,0,0,0,0,0,0,0,3600,3600,3600,3600,0,1000,1000,1000,0,0,0,0,0,0,0,0,0,0,0,0,0,0,0,0,0,0,0,2,2,0,0,0,0,0,140,140,140,0,0,0,0,600,600,600,600,0,0,0,30,0,0,0,0,0,0,0,0,0,3500,0,0,0,0,0,0,0,0,0,0,0,0,0,0,0,0,0,0,0,0,0,0,0,0,0,0,0,0,0,0,0,0,0,0,0,0,0,0,0,0,0,0,0,0,0,0,0,0,0,0,0,0,0,0,2,0,0,0,0,650,650,1650,1650,1650,0,0,0,0,0,0,0,0,0,0,0
25,optimised 2,0,0,0,0,0,0,0,3600,3600,3600,3600,0,0,0,0,1000,1000,1000,0,0,0,0,0,0,0,0,0,0,0,0,0,0,0,0,0,0,0,2,2,0,0,0,0,0,140,140,140,0,0,0,0,600,600,600,600,0,0,0,30,0,0,0,0,0,0,0,0,0,3500,0,0,0,0,0,0,0,0,0,0,0,0,0,0,0,0,0,0,0,0,0,0,0,0,0,0,0,0,0,0,0,0,0,0,0,0,0,0,0,0,0,0,0,0,0,0,0,0,0,0,0,0,0,0,2,0,0,0,0,0,0,1000,1000,1000,0,650,650,650,650,650,0,0,0,0,0
26,preferred,0,0,0,0,0,50,50,50,50,50,0,0,0,0,0,72,72,72,72,0,0,0,0,0,1000,75,75,75,75,75,0,0,0,0,0,0,0,0,0,0,0,0,0,0,0,0,0,0,0,0,900,900,900,900,0,0,0,0,0,0,0,0,0,0,0,0,0,5000,0,0,0,0,0,0,0,0,1000,0,0,0,0,0,0,0,0,0,0,0,0,0,0,0,0,0,0,0,0,0,0,0,0,0,0,0,0,0,0,0,0,0,0,0,0,0,0,0,900,900,0,0,0,0,0,0,0,0,0,0,0,0,0,0,50,750,50,0,0,0,0,0,0,0,0,0
26,optimised 1,0,0,0,0,0,0,50,50,50,50,50,0,0,0,0,0,72,72,72,72,75,975,975,975,975,1000,0,0,0,0,0,0,0,0,0,0,0,0,0,0,0,0,0,0,0,0,0,0,0,0,0,0,0,0,0,0,0,0,0,0,0,0,0,5000,0,0,0,0,0,0,0,0,0,0,0,0,0,1000,0,0,0,0,0,0,0,0,0,0,0,0,0,0,0,0,0,0,0,0,0,0,0,0,0,0,0,0,0,0,0,0,0,0,0,0,0,0,0,900,900,0,0,0,0,0,0,0,0,0,0,0,0,0,0,50,750,50,0,0,0,0,0,0,0,0
26,optimised 2,0,0,0,0,0,0,50,125,125,125,125,75,0,0,0,0,72,72,72,72,0,900,900,900,900,1000,0,0,0,0,0,0,0,0,0,0,0,0,0,0,0,0,0,0,0,0,0,0,0,0,0,0,0,0,0,0,0,0,0,0,0,0,0,0,0,0,0,0,5000,0,0,0,0,0,0,0,0,1000,0,0,0,0,0,0,0,0,0,0,0,0,0,0,0,0,0,0,0,0,0,0,0,0,0,0,0,0,0,0,0,0,0,0,0,0,0,0,0,900,900,0,0,0,0,0,0,0,0,0,0,0,0,0,0,50,750,50,0,0,0,0,0,0,0,0
27,preferred,0,0,0,0,0,0,0,0,0,0,0,0,0,0,0,1000,1000,1000,7000,7000,6000,0,0,0,15,15,15,0,0,0,0,0,0,0,0,0,0,0,0,0,0,0,0,550,0,6000,6000,6000,6000,6000,6000,0,0,0,0,0,0,0,0,0,0,50,50,50,0,0,0,0,0,0,0,0,0,0,0,0,0,0,0,0,0,0,0,0,0,0,0,0,0,0,0,0,350,50,50,50,0,0,0,0,0,72,72,72,0,0,0,0,0,0,0,0,0,0,0,0,0,0,0,0,0,0,1500,1500,0,0,0,0,0,0,0,0,0,0,0,0,0,0,0,0,0,0,0,0
27,optimised 1,0,0,0,0,0,0,0,0,0,0,0,0,0,50,50,50,1000,1000,1000,7000,8500,7550,12050,12050,12050,15,15,15,0,0,0,0,0,0,0,0,0,0,0,0,0,0,0,0,550,0,0,0,0,0,0,0,0,0,0,0,0,0,0,0,0,0,0,0,0,0,0,0,0,0,0,0,0,0,0,0,0,0,0,0,0,0,0,0,0,0,0,0,0,0,0,0,0,300,0,0,0,0,0,0,0,0,0,0,0,0,0,0,0,72,72,72,0,0,0,0,0,0,0,0,0,0,0,0,0,0,0,0,0,0,0,0,0,0,0,0,0,0,0,0,0,0,0,0
27,optimised 2,0,0,0,0,0,1500,1500,12000,12000,12000,6000,6000,6000,50,50,50,1000,1000,1000,1000,1000,50,50,50,50,15,15,15,0,0,0,0,0,0,0,0,0,0,0,0,0,0,0,0,550,0,0,0,0,0,0,0,0,0,0,0,0,0,0,0,0,0,0,0,0,0,0,0,0,0,0,0,0,0,0,0,0,0,0,0,0,0,0,0,0,0,0,0,0,0,300,0,0,0,0,0,0,0,0,0,0,0,0,72,72,72,0,0,0,0,0,0,0,0,0,0,0,0,0,0,0,0,0,0,0,0,0,0,0,0,0,0,0,0,0,0,0,0,0,0,0,0,0,0
28,preferred,0,0,0,0,0,0,0,0,0,0,0,0,0,0,3600,4800,4800,4800,1200,0,0,0,0,0,0,0,0,0,0,0,0,2400,2400,2400,0,0,0,0,0,0,0,0,0,0,0,6000,6000,0,0,0,0,0,0,0,0,0,0,0,0,0,0,0,0,0,0,0,0,0,0,0,0,0,0,0,0,0,0,0,0,0,0,0,0,0,0,0,0,0,45,45,45,45,45,0,0,2300,2300,2300,2300,2305,2305,5,0,0,0,0,0,0,0,0,0,0,0,0,0,45,45,2445,2445,45,45,695,695,650,650,650,650,0,0,0,0,0,0,0,0,0,0,0,0,0,0,0,0,0
28,optimised 1,0,0,0,0,0,0,0,0,0,0,0,0,0,0,0,0,1200,1200,3600,5900,4700,5900,5900,11900,11900,0,0,0,0,0,0,0,0,0,0,0,0,0,0,0,0,0,0,0,0,0,0,0,0,0,0,0,0,0,0,0,0,0,0,0,0,0,0,0,0,0,0,0,0,0,0,0,0,0,0,0,650,650,650,650,650,650,0,0,0,0,0,0,0,0,0,0,0,0,0,0,0,0,0,0,5,5,5,0,0,0,0,0,0,0,0,0,0,0,0,0,45,45,45,45,45,45,45,45,45,45,45,45,45,0,2400,2400,0,0,0,0,0,0,0,0,0,0,0,0
28,optimised 2,0,0,0,0,0,0,0,2300,8300,8300,2300,2300,2300,0,0,0,1200,1200,3600,3600,2400,3600,3600,3600,3600,0,0,0,0,0,0,0,0,0,0,0,0,0,0,0,0,0,0,0,0,0,0,0,0,0,0,0,0,0,0,0,0,0,0,0,0,0,0,0,0,0,0,0,0,0,0,0,0,650,650,650,650,650,650,0,0,0,0,0,0,0,0,0,0,0,0,0,0,0,0,0,0,0,0,0,5,5,5,0,0,0,0,0,0,0,0,0,0,0,0,0,45,45,45,45,45,45,45,45,45,45,45,45,45,0,2400,2400,0,0,0,0,0,0,0,0,0,0,0,0
29,preferred,0,15,15,15,15,0,0,0,0,0,0,0,0,0,0,0,0,0,0,0,0,0,0,0,0,0,0,0,0,0,0,0,0,0,0,0,0,0,0,0,400,0,0,0,0,0,0,0,0,0,0,0,0,0,0,0,2000,0,0,900,900,920,920,920,920,20,20,2400,2400,0,0,0,0,0,0,0,0,0,0,0,0,0,0,0,0,0,0,0,0,0,0,0,0,0,0,0,0,0,0,50,50,50,0,0,0,0,0,0,0,0,0,0,900,900,900,900,900,900,900,1400,500,500,0,0,0,0,0,0,1200,1200,1200,1200,1200,1200,1200,0,0,0,0,0,0,0,0,0
29,optimised 1,0,0,0,0,0,0,0,0,0,0,0,0,0,0,0,0,0,0,15,15,15,15,1200,1200,1200,1200,1200,1200,1200,0,0,0,0,0,0,0,0,0,0,0,0,0,0,50,50,50,0,0,0,0,0,0,0,0,0,0,0,2000,0,400,900,900,3320,3320,920,920,20,20,0,0,0,0,0,0,900,900,900,900,900,900,900,900,0,0,0,0,0,0,0,0,0,0,0,0,0,0,0,0,0,0,0,0,0,0,0,0,0,0,0,0,0,0,0,0,0,0,0,500,500,500,0,0,0,0,0,0,0,0,0,0,0,0,0,0,0,0,0,0,0,0,0,0,0,0
29,optimised 2,0,0,0,0,0,0,0,0,0,0,0,0,0,0,0,0,0,15,15,15,15,1200,1200,1200,1200,1200,1200,1200,0,0,0,0,0,0,0,0,0,0,0,0,0,0,50,50,50,0,0,0,0,0,0,0,0,0,0,0,0,2000,0,400,900,900,920,920,920,920,20,920,3300,3300,900,900,900,900,900,0,0,0,0,0,0,0,0,0,0,0,0,0,0,0,0,0,0,0,0,0,0,0,0,0,0,0,0,0,0,0,0,0,0,0,0,0,0,0,0,0,0,500,500,500,0,0,0,0,0,0,0,0,0,0,0,0,0,0,0,0,0,0,0,0,0,0,0,0
30,preferred,0,0,0,0,52,52,52,0,11,11,11,11,11,0,0,0,0,0,0,0,0,0,0,0,0,0,0,0,0,0,0,0,0,0,0,0,0,0,0,0,15,0,0,1200,1200,0,0,0,0,0,0,0,15,15,15,15,15,15,15,0,0,0,0,0,0,0,0,0,0,0,148,148,148,148,148,148,148,148,0,0,0,0,0,0,0,0,0,0,0,0,0,0,0,0,0,0,0,0,0,0,0,0,75,75,0,0,0,0,0,0,0,0,20,20,20,0,0,0,0,100,100,100,100,1300,1200,0,0,0,0,0,0,0,0,0,0,0,0,0,0,0,0,0,0,0
30,optimised 1,0,0,0,0,0,0,0,0,0,11,11,11,11,11,0,0,0,0,0,0,0,0,0,0,0,0,0,0,0,0,0,0,0,0,0,0,0,0,20,20,20,15,52,52,1252,1200,0,0,0,0,0,0,0,15,15,15,15,15,15,15,0,0,0,0,0,0,0,0,0,0,0,148,148,148,148,148,148,148,148,0,0,0,0,0,0,0,0,0,0,0,0,0,0,0,0,0,0,0,0,0,0,0,0,0,0,0,0,0,0,0,0,0,0,0,0,0,0,0,0,0,100,100,100,100,1300,1200,75,75,0,0,0,0,0,0,0,0,0,0,0,0,0,0,0,0
30,optimised 2,0,0,0,0,0,0,0,0,0,11,11,11,11,11,0,0,0,0,0,0,0,0,0,0,0,0,0,0,0,0,0,0,0,0,0,0,0,0,20,20,20,15,52,52,1252,1200,0,0,0,0,0,0,0,15,15,15,15,15,15,15,0,0,0,0,0,0,0,0,0,0,0,148,148,148,148,148,148,148,148,0,0,0,0,0,0,0,0,0,0,0,0,0,0,0,0,0,0,0,0,0,0,0,0,0,0,0,0,0,0,0,0,0,0,0,0,0,0,0,0,0,100,100,100,100,1300,1200,75,75,0,0,0,0,0,0,0,0,0,0,0,0,0,0,0,0
31,preferred,0,0,0,0,0,0,0,0,0,0,0,0,0,0,0,2100,2100,1200,1200,1200,0,0,0,0,0,0,0,0,0,0,0,0,1100,1100,1100,1100,0,0,0,0,0,0,0,0,0,0,0,0,0,0,0,0,0,0,0,0,0,0,0,0,0,0,0,0,0,0,0,0,0,0,0,0,0,0,0,0,0,0,0,0,0,0,0,0,75,75,75,0,0,0,0,0,0,0,0,0,0,0,0,10,10,10,2000,2000,0,0,0,0,0,0,0,0,0,0,2100,2100,2100,2100,0,0,0,0,93,155,93,93,93,93,2093,2093,2093,2093,0,0,0,0,0,0,0,0,0,0,0,0
31,optimised 1,0,0,0,0,0,0,0,0,0,0,0,0,0,0,0,0,0,0,1200,1200,1200,2000,2000,2000,2000,10,10,10,2100,2100,0,0,0,1100,1100,1100,1100,0,0,0,0,0,0,0,0,0,0,0,0,0,0,0,0,0,0,0,0,0,0,0,0,0,0,0,0,0,0,0,0,0,0,0,0,0,0,0,0,0,0,0,0,0,0,0,0,0,0,0,75,75,75,0,0,0,0,0,0,0,0,0,0,0,0,0,0,0,0,0,0,2000,2000,0,0,0,0,0,0,0,0,0,0,0,0,93,93,93,93,93,93,2193,2193,2193,2193,62,0,0,0,0,0,0,0,0,0,0
31,optimised 2,0,0,0,0,0,0,0,0,0,0,0,0,0,0,0,0,0,0,1200,3200,3200,2000,2000,10,10,10,2100,3200,1100,1100,1100,0,0,0,0,0,0,0,0,0,0,0,0,0,0,0,0,0,0,0,0,0,0,0,0,0,0,0,0,0,0,0,0,0,0,0,0,0,0,0,0,0,0,0,0,0,0,0,0,0,0,0,0,0,0,75,75,75,0,0,0,0,0,0,0,0,0,0,0,0,0,0,0,2000,2000,0,0,0,0,0,0,0,0,0,0,0,0,0,0,0,0,0,0,93,93,93,93,2193,2193,2193,2193,93,93,62,0,0,0,0,0,0,0,0,0,0
32,preferred,0,0,0,0,0,0,0,0,0,0,0,0,0,0,0,0,0,0,0,0,0,0,0,0,0,700,700,700,700,700,700,0,2400,0,1200,0,0,0,650,650,650,650,0,0,0,0,0,0,0,0,0,0,0,0,0,0,0,0,0,0,0,0,0,0,0,0,0,0,0,0,0,0,1,1,1,1,0,0,0,0,0,0,0,0,0,0,0,0,1100,1100,0,0,0,0,0,0,0,0,0,100,100,120,120,120,20,20,20,0,0,0,0,0,0,0,0,0,0,0,0,0,0,0,2400,2400,2400,2400,2400,2400,2400,0,0,0,300,300,300,0,0,0,0,0,0,0,0,0
32,optimised 1,0,0,0,0,0,0,0,0,0,0,0,0,0,0,0,0,0,2400,2400,2400,2420,2420,2420,2420,3070,670,1350,1350,700,700,700,700,0,0,0,1200,0,0,0,0,0,0,0,0,0,0,0,0,0,0,0,0,0,0,0,0,0,0,0,0,0,0,0,0,0,0,0,0,0,0,0,0,0,1,1,1,1,1100,1100,0,0,0,0,0,0,0,0,0,0,0,0,0,0,0,0,0,0,0,0,0,0,0,0,0,0,0,0,0,0,100,100,100,100,100,0,0,0,0,0,0,0,0,0,0,0,0,0,0,0,0,0,0,0,300,300,300,0,0,0,0,0,0,0,0
32,optimised 2,0,0,0,0,0,0,0,2400,2400,2400,2400,2400,2400,2400,0,0,0,0,0,0,0,650,650,650,3050,0,0,0,0,0,0,0,0,0,0,1200,0,0,0,0,0,0,0,0,0,0,0,0,0,0,0,0,0,0,0,0,0,0,0,0,0,0,0,0,0,0,0,0,0,0,0,0,0,1,1,1,1,0,0,0,0,0,0,0,0,0,1100,1100,0,0,0,0,0,0,0,0,0,0,0,0,0,0,20,120,120,120,120,120,700,700,700,700,700,700,0,0,0,0,0,0,0,0,0,0,0,0,0,0,0,0,0,0,0,300,300,300,0,0,0,0,0,0,0,0
33,preferred,0,0,0,0,0,4000,4000,4000,4000,0,0,0,0,0,0,0,0,0,0,0,0,0,0,0,0,0,700,700,700,700,700,2400,2400,0,0,55,55,55,55,55,55,0,0,72,72,72,0,0,0,0,0,0,68,68,68,68,68,0,0,0,0,0,0,0,0,0,0,0,0,0,0,0,0,0,0,0,0,0,0,0,0,0,0,0,0,0,0,0,4000,0,0,0,0,0,1000,0,0,0,0,0,0,0,0,0,0,0,0,0,0,0,0,0,0,0,0,0,0,0,0,0,0,0,0,1200,1200,1200,0,0,0,0,0,0,0,100,100,100,100,100,100,0,0,0,0,0
33,optimised 1,0,0,0,0,0,0,0,0,0,0,0,0,0,0,0,0,4000,4000,4700,4700,700,700,700,2400,2400,0,0,0,0,0,0,0,0,0,0,0,55,55,55,55,55,55,0,0,72,72,72,0,0,0,0,0,0,0,0,0,0,0,0,0,1000,1200,1200,1200,68,68,68,68,68,0,0,0,0,0,0,0,0,0,4000,0,0,0,0,0,0,0,0,0,0,0,0,0,0,0,0,0,0,0,0,0,0,0,0,0,0,0,0,0,0,0,0,0,0,0,0,0,0,0,0,0,0,0,0,0,0,0,0,0,0,0,0,0,0,0,100,100,100,100,100,100,0,0,0,0
33,optimised 2,0,0,0,0,0,0,0,4700,4700,4700,4700,700,0,0,0,0,0,0,0,0,0,0,0,2400,2400,0,0,0,0,0,0,0,0,0,0,0,55,55,55,55,55,55,0,0,72,72,72,0,0,0,0,0,0,0,0,0,0,0,0,0,0,0,0,0,0,0,0,1000,1200,1200,1200,68,68,68,68,68,0,0,0,0,0,0,0,0,0,0,0,4000,0,0,0,0,0,0,0,0,0,0,0,0,0,0,0,0,0,0,0,0,0,0,0,0,0,0,0,0,0,0,0,0,0,0,0,0,0,0,0,0,0,0,0,0,0,0,100,100,100,100,100,100,0,0,0,0
34,preferred,0,0,0,0,0,0,0,0,0,210,210,0,0,0,0,0,0,0,0,0,0,0,0,0,0,0,0,0,0,0,0,0,0,0,0,0,0,93,93,1793,4100,1800,0,0,0,0,0,0,0,0,0,0,0,0,0,0,0,0,0,0,0,0,0,0,0,0,0,0,0,0,0,0,0,0,0,1500,1500,1500,1500,0,0,0,0,0,0,130,130,0,0,0,0,0,0,0,0,4000,4000,4000,4000,0,0,0,0,0,0,0,0,0,0,0,0,0,0,0,0,0,0,0,0,0,0,0,0,0,60,60,0,0,0,0,0,0,600,600,600,600,600,600,0,0,0,0,0,0
34,optimised 1,0,0,0,0,0,0,0,0,0,0,0,0,0,0,0,0,0,0,0,0,0,0,0,0,2400,0,0,0,0,0,0,0,0,0,0,0,0,0,93,93,93,0,100,1700,1700,1700,0,0,0,0,0,0,210,210,0,0,0,0,0,0,0,0,0,0,0,0,0,0,0,0,0,0,0,0,0,1500,1500,1500,1500,0,0,0,0,0,0,0,0,0,130,130,0,0,0,0,0,0,0,0,0,0,0,0,0,0,0,0,0,0,0,0,0,0,0,0,0,0,0,0,0,0,0,0,0,0,0,0,0,0,0,0,4060,4060,4000,4600,600,600,600,600,600,0,0,0,0,0
34,optimised 2,0,0,0,0,0,0,0,0,0,2400,0,0,0,0,0,0,0,0,0,0,0,0,0,0,0,0,0,0,0,0,0,0,0,0,0,0,0,0,93,93,93,0,100,1700,1700,1700,0,0,0,0,0,0,210,210,0,0,0,0,0,0,0,0,0,0,0,0,0,0,0,0,0,0,0,0,0,1500,1500,1500,1500,0,0,0,0,0,0,0,130,130,0,0,0,0,0,0,0,0,0,0,0,0,0,0,0,0,0,0,0,0,0,0,0,0,0,0,0,0,0,0,0,0,0,0,0,0,0,0,0,0,0,0,60,60,0,600,600,4600,4600,4600,4600,0,0,0,0,0
35,preferred,0,0,0,0,0,0,0,0,56,56,56,56,56,0,0,0,0,0,0,0,0,0,0,0,0,0,0,0,0,0,0,0,0,0,0,0,0,0,1000,1000,1000,1000,0,0,0,0,0,0,2400,2400,2400,2400,100,100,100,100,100,100,0,0,0,0,0,0,0,0,0,0,0,0,0,0,0,0,0,0,0,0,0,60,60,0,0,0,0,0,0,150,150,150,1200,1200,1200,0,0,0,0,0,0,0,0,0,0,0,0,0,0,0,0,0,35,35,35,35,35,35,0,56,56,56,0,0,0,0,0,0,0,0,0,0,0,0,0,0,0,0,30,30,0,0,0,0,0,0
35,optimised 1,0,0,0,0,0,0,0,0,0,56,56,56,56,56,0,0,0,0,0,0,0,2400,2400,2400,2400,0,0,0,0,0,0,0,0,1000,1000,1000,1000,0,0,0,0,0,0,0,0,0,0,0,0,0,0,0,0,100,100,100,100,100,100,0,0,0,0,0,0,0,0,0,0,0,0,0,0,0,35,35,1235,1235,1235,35,60,60,0,0,0,0,0,0,150,150,150,0,0,0,0,0,0,0,0,0,0,0,0,0,0,0,0,0,0,0,0,0,0,0,0,0,0,0,56,56,56,0,0,0,0,0,0,0,0,0,0,0,0,0,0,0,0,30,30,0,0,0,0,0
35,optimised 2,0,0,0,0,0,0,0,0,0,56,56,56,56,56,0,0,0,0,0,0,0,2400,2400,2400,2400,0,0,1000,1000,1000,1000,0,0,0,0,0,0,0,0,0,0,0,0,0,0,0,0,0,0,0,0,0,0,100,100,100,100,100,100,0,0,0,0,0,0,0,0,0,0,0,0,0,0,0,35,35,35,35,35,35,60,60,0,0,0,0,0,0,150,150,150,0,0,0,0,0,0,0,0,0,0,0,0,1200,1200,1200,0,0,0,0,0,0,0,0,0,0,0,0,56,56,56,0,0,0,0,0,0,0,0,0,0,0,0,0,0,0,0,30,30,0,0,0,0,0
36,preferred,0,0,0,0,0,0,0,15,15,20,5,5,0,0,0,0,0,0,0,0,0,0,0,0,0,0,0,0,0,0,0,0,0,0,0,0,0,0,0,0,0,0,0,0,0,0,0,0,0,0,0,0,0,0,0,0,0,0,0,0,0,0,0,0,0,0,0,0,0,0,0,0,0,0,0,0,0,0,72,72,72,72,72,72,72,0,0,0,0,0,80,80,0,0,0,0,0,0,0,0,0,0,0,0,0,100,100,0,0,0,700,700,700,700,700,50,50,3500,3500,3500,3500,3500,3500,3500,210,210,210,210,210,0,0,1200,1200,1200,1200,0,0,0,0,0,0,0,0,0
36,optimised 1,0,0,0,0,0,0,0,0,15,15,20,5,5,0,0,0,0,0,3500,3500,3500,3500,3500,3500,3500,0,0,0,0,0,0,0,0,0,0,0,0,0,0,0,0,0,0,0,0,0,0,0,0,0,0,0,0,0,0,0,0,0,0,0,0,0,0,0,0,0,0,0,0,0,0,0,0,0,0,0,0,0,72,72,72,72,72,72,72,0,0,0,0,0,0,80,80,0,0,0,0,0,0,0,0,0,0,0,0,0,0,0,0,100,100,700,700,700,700,700,50,50,0,0,0,0,0,0,0,210,210,210,210,210,0,0,1200,1200,1200,1200,0,0,0,0,0,0,0,0
36,optimised 2,0,0,0,0,0,0,0,3500,3515,3515,3520,3505,3505,3500,0,0,0,0,0,0,0,0,0,0,0,0,0,0,0,0,0,0,0,0,0,0,0,0,0,0,0,0,0,0,0,0,0,0,0,0,0,0,0,0,0,0,0,0,0,0,0,0,0,0,0,0,0,0,0,0,0,0,0,0,0,0,0,0,0,72,72,72,72,72,72,72,0,0,0,80,80,0,0,0,0,0,0,0,0,0,0,0,0,0,0,0,100,100,0,0,0,700,700,700,700,700,50,50,0,0,0,0,0,0,0,210,210,210,210,210,0,0,1200,1200,1200,1200,0,0,0,0,0,0,0,0
37,preferred,0,0,0,0,0,0,0,0,0,0,0,0,0,0,0,0,0,0,0,0,0,0,0,0,0,0,0,0,0,0,0,0,0,0,0,0,0,0,0,0,0,0,0,0,0,0,0,700,700,700,700,700,700,1500,1500,0,0,0,0,0,0,0,0,0,0,5,5,5,0,0,0,0,0,300,300,300,300,0,0,0,0,0,0,0,0,0,0,50,50,50,0,0,0,0,0,0,0,0,0,1200,1200,1200,0,0,5,5,5,5,5,5,5,0,0,0,0,0,0,0,0,0,0,0,45,45,0,38,38,0,0,0,0,0,0,0,100,100,100,100,100,100,0,0,0,0
37,optimised 1,0,0,0,0,0,0,0,0,0,0,0,0,0,0,0,0,0,0,0,0,0,0,1900,1900,1900,700,700,700,0,0,0,0,0,0,0,0,0,0,0,0,0,0,0,0,0,0,0,0,0,0,0,0,0,0,1500,1500,0,0,0,0,0,0,0,0,0,0,5,5,5,0,0,0,0,0,300,300,300,300,0,0,0,0,0,0,0,0,0,0,0,0,0,0,0,0,0,0,0,0,0,0,0,0,0,0,0,5,5,5,5,5,5,5,50,50,50,0,0,0,0,0,0,0,0,45,45,0,0,0,0,0,38,38,0,0,0,100,100,100,100,100,100,0,0,0
37,optimised 2,0,0,0,0,0,0,0,1200,1200,1200,0,0,0,0,0,0,0,0,0,0,0,0,700,700,700,700,700,700,0,0,0,0,0,0,0,0,0,0,0,0,0,0,0,0,0,0,0,0,0,0,0,0,0,0,1500,1500,0,0,0,0,0,0,0,0,0,0,5,5,5,0,0,0,0,0,300,300,300,300,0,0,0,0,0,0,0,0,0,0,0,0,0,0,0,0,0,0,0,0,0,0,0,0,0,0,0,5,5,5,5,5,5,5,0,0,0,50,50,50,0,0,0,0,0,45,45,0,0,0,0,0,38,38,0,0,0,100,100,100,100,100,100,0,0,0
38,preferred,0,0,0,0,0,0,0,0,0,0,0,0,0,0,0,0,0,0,0,0,0,0,0,0,0,0,0,0,0,0,0,0,0,0,0,0,0,0,0,0,0,0,0,0,0,0,0,0,0,0,0,0,0,0,0,0,0,0,0,0,0,0,0,0,0,0,0,0,0,0,0,0,0,0,0,0,300,0,0,0,0,0,0,0,0,0,0,0,0,0,0,0,300,300,300,300,300,300,0,1100,1100,1172,72,10,10,0,0,0,0,0,0,0,0,0,72,5000,0,0,0,0,2200,2200,2200,2340,0,0,0,0,0,0,0,0,0,0,0,0,0,0,0,10,10,10,0,0
38,optimised 1,0,0,0,0,0,0,0,0,0,0,0,0,0,0,0,0,0,0,0,0,0,2200,2200,2200,2200,0,0,0,0,0,0,0,0,0,0,0,0,0,0,0,0,0,0,0,0,0,0,0,0,0,0,0,0,0,0,0,0,0,0,0,0,0,0,0,0,0,0,0,72,0,0,0,0,0,0,0,0,300,0,0,0,0,0,0,0,0,0,0,0,0,0,0,0,0,0,0,0,0,0,0,0,0,0,0,0,0,0,0,0,1162,1162,1100,0,0,10,10,5010,10,10,10,10,0,0,0,140,0,0,300,300,300,300,300,300,0,0,0,0,0,0,0,0,0,0,0
38,optimised 2,0,0,0,0,0,0,0,0,0,0,0,0,0,0,0,0,0,0,0,300,300,2500,2500,2500,2500,0,0,0,0,0,0,0,0,0,0,0,0,0,0,0,0,0,0,0,0,0,0,0,0,0,0,0,0,0,0,0,0,0,0,0,0,0,0,0,0,0,0,0,72,0,0,0,0,0,0,0,0,300,0,0,0,0,0,0,0,0,0,0,0,0,0,0,0,0,0,0,0,0,0,0,0,0,0,1162,1162,1100,0,0,0,0,0,0,0,0,10,10,5010,10,10,10,10,0,0,0,140,0,0,0,0,0,0,0,0,0,0,0,0,0,0,0,0,0,0,0
39,preferred,0,0,0,0,0,0,0,0,0,0,0,0,0,0,0,0,0,0,0,0,0,0,0,0,50,50,0,0,0,15,15,15,15,0,0,0,0,0,0,0,500,500,0,0,0,0,0,0,0,0,0,0,0,68,0,0,0,0,0,0,0,0,45,0,0,0,0,0,0,0,0,0,0,0,0,0,0,0,0,0,0,0,0,0,0,0,0,0,0,0,0,0,0,0,0,0,0,0,400,400,400,0,0,0,0,0,0,0,0,0,0,0,0,2200,2200,2200,2200,2200,2200,2200,0,0,0,15,15,15,15,1015,1000,0,0,0,0,0,0,900,900,900,0,0,0,0,0,0
39,optimised 1,0,0,0,0,0,0,0,0,0,0,0,0,0,0,0,0,0,0,0,0,0,0,0,0,0,0,0,0,0,0,15,15,15,15,0,0,0,0,0,0,0,500,500,0,0,0,0,0,0,0,0,0,0,0,0,0,0,0,900,900,900,0,45,118,50,0,0,0,0,0,0,0,0,0,0,0,0,0,0,0,0,0,0,0,0,0,0,0,0,0,0,0,0,0,0,0,0,0,0,0,0,0,0,0,0,0,0,0,0,400,400,400,0,0,0,0,0,0,0,0,0,0,0,0,0,2200,2200,2200,2200,2200,2200,2200,15,15,15,15,15,1000,1000,0,0,0,0,0
39,optimised 2,0,0,0,0,0,0,0,0,0,0,0,0,0,0,0,0,0,0,0,0,0,0,0,0,0,0,0,0,0,0,15,15,15,15,0,0,0,0,0,0,0,500,500,0,0,0,0,0,0,0,0,0,0,0,0,0,0,0,900,900,900,0,0,45,118,50,0,0,0,0,0,0,0,0,0,0,0,0,0,0,0,0,0,0,0,0,0,0,0,0,0,0,0,0,0,0,0,0,0,0,0,0,0,400,400,400,0,0,0,0,0,0,0,0,0,0,0,0,0,0,0,0,0,0,0,2200,2200,2200,2200,2200,2200,2200,15,15,15,15,15,1000,1000,0,0,0,0,0
40,preferred,0,0,0,0,0,0,0,0,0,0,0,0,0,0,0,1000,1000,0,0,0,0,0,0,0,0,0,0,0,0,0,0,0,0,0,0,0,0,0,0,0,0,0,0,0,0,700,700,700,0,1000,1000,1000,1000,1008,1008,8,8,0,0,0,600,600,600,600,1100,500,0,0,0,0,0,0,0,0,0,0,0,0,0,0,0,0,4000,4000,0,0,0,0,0,0,0,0,0,0,0,0,1700,1700,1700,0,150,150,0,0,0,0,0,0,0,0,0,0,0,0,0,0,0,0,0,0,0,0,0,0,0,0,0,0,0,0,0,0,0,0,0,0,0,0,0,0,0,38,38,0
40,optimised 1,0,0,0,0,0,0,0,0,0,0,0,0,0,0,0,0,1000,1000,0,1000,1000,1000,1000,1000,1000,0,0,0,0,0,0,0,0,0,0,0,0,0,0,0,0,0,0,0,0,0,0,0,0,0,0,0,0,0,8,8,8,8,0,0,0,600,600,600,600,1100,500,0,0,0,0,0,0,0,0,0,0,0,0,0,0,0,0,0,0,0,0,0,0,0,0,0,0,0,0,0,0,0,0,0,0,0,0,0,0,0,0,0,0,1850,1850,2400,700,700,0,0,0,0,0,0,0,0,0,0,0,38,38,0,0,0,4000,4000,0,0,0,0,0,0,0,0,0,0,0,0
40,optimised 2,0,0,0,0,0,0,0,0,0,0,0,0,0,0,0,0,1000,1000,0,1000,1000,1000,1000,1000,1000,0,0,0,0,0,0,0,0,0,0,0,0,0,0,0,0,0,0,0,0,0,0,0,0,0,0,0,0,0,8,8,8,8,0,0,0,600,600,600,600,1100,500,0,0,0,0,0,0,0,0,0,0,0,0,0,0,0,0,0,0,0,0,0,0,0,0,0,0,0,0,0,0,0,0,0,0,0,0,1850,1850,2400,700,700,0,0,0,0,0,0,0,0,0,0,0,38,38,0,0,0,0,0,0,0,0,0,4000,4000,0,0,0,0,0,0,0,0,0,0,0,0
41,preferred,0,0,0,0,0,0,0,0,148,148,148,148,0,0,0,0,0,0,0,0,0,0,0,0,0,0,0,0,0,0,0,0,0,0,0,0,0,0,0,0,0,0,0,0,1000,1000,1000,1000,1000,1000,1000,2200,2272,1272,0,0,0,0,0,50,50,50,50,0,0,0,0,0,0,1000,1000,1000,1000,0,0,0,0,0,0,0,0,0,0,0,0,120,120,0,0,0,0,0,0,0,0,0,0,0,0,0,0,210,210,210,210,210,210,0,0,0,0,0,0,0,0,0,0,6000,6000,6000,6000,0,0,0,0,0,2200,2200,0,0,0,0,0,0,0,0,0,0,0,0,0,0,0,0
41,optimised 1,0,0,0,0,0,0,0,0,0,0,0,0,0,0,0,0,210,210,210,210,210,210,1000,1000,1000,1000,1000,1000,1000,1000,1000,0,0,0,0,0,0,0,0,0,0,0,0,0,0,0,0,0,0,0,0,0,0,72,72,0,0,0,0,0,50,50,50,50,148,148,148,148,0,0,1000,1000,1000,1000,0,0,0,0,0,0,0,0,0,0,0,0,0,0,120,120,0,0,0,0,0,0,0,0,0,0,0,0,0,0,0,0,0,0,0,0,0,0,0,0,0,0,0,0,0,0,0,0,0,0,0,0,0,2200,2200,0,7200,7200,7200,6000,0,0,0,0,0,0,0,0,0,0
41,optimised 2,0,0,0,0,0,0,0,0,0,0,0,0,0,0,0,0,210,210,210,2410,2410,6210,7000,7000,7000,1000,1000,1000,1000,1000,1000,0,0,0,0,0,0,0,0,0,0,0,0,0,0,0,0,0,0,0,0,0,1200,1272,1272,0,0,0,0,0,50,50,50,50,148,148,148,148,0,0,1000,1000,1000,1000,0,0,0,0,0,0,0,0,0,0,0,0,120,120,0,0,0,0,0,0,0,0,0,0,0,0,0,0,0,0,0,0,0,0,0,0,0,0,0,0,0,0,0,0,0,0,0,0,0,0,0,0,0,0,0,0,0,0,0,0,0,0,0,0,0,0,0,0,0,0
42,preferred,0,0,0,0,0,0,0,0,0,0,30,30,30,0,0,0,1072,1072,1072,0,0,0,0,0,0,0,0,0,0,0,0,0,0,0,0,0,0,0,1100,1100,1100,0,300,300,300,0,1200,1200,0,0,0,0,0,0,0,0,0,0,0,0,0,0,0,0,0,0,0,0,0,0,0,0,0,0,0,0,300,300,300,0,0,0,0,0,0,0,0,20,20,20,20,20,20,20,20,300,600,600,300,0,0,0,0,0,0,0,0,0,0,0,0,0,0,0,0,0,0,0,0,0,0,0,0,0,0,0,0,0,0,0,0,0,0,0,0,0,0,0,0,0,0,0,0,0
42,optimised 1,0,0,0,0,0,0,0,0,0,0,0,30,30,330,300,300,300,1000,1000,1000,0,0,1100,1100,1100,0,0,0,0,0,0,0,0,0,0,0,0,0,0,0,0,0,0,300,300,300,0,1200,1200,0,0,0,0,0,0,0,0,0,0,0,0,0,0,0,0,0,0,0,0,0,0,0,0,0,20,20,320,320,320,92,92,92,0,0,0,0,0,0,0,0,0,0,300,300,0,0,0,0,0,0,0,0,0,0,0,0,0,0,0,0,0,0,0,0,0,0,0,0,0,0,0,0,0,0,0,0,0,0,0,0,0,0,0,0,0,0,0,0,0,0,0,0,0,0
42,optimised 2,0,0,0,0,0,0,0,0,0,0,0,30,30,330,300,300,300,1000,1000,1000,0,0,1100,1100,1100,0,0,0,0,0,0,0,0,0,0,0,0,0,0,0,0,0,0,300,300,300,0,1200,1200,0,0,0,0,0,0,0,0,0,0,0,0,0,0,0,0,0,0,0,0,0,0,0,0,300,300,300,72,72,72,0,0,0,0,0,0,20,20,20,20,320,320,20,20,0,0,0,0,0,0,0,0,0,0,0,0,0,0,0,0,0,0,0,0,0,0,0,0,0,0,0,0,0,0,0,0,0,0,0,0,0,0,0,0,0,0,0,0,0,0,0,0,0,0,0
43,preferred,0,0,0,0,0,0,2400,2400,0,1000,1000,0,0,0,0,0,0,0,0,0,0,0,0,0,0,0,0,0,0,0,2300,2300,2300,2300,2300,0,0,0,0,0,900,900,900,0,0,0,0,0,0,0,0,0,0,0,0,0,0,0,0,0,0,0,650,650,650,650,650,650,730,80,80,80,80,80,80,0,0,0,0,0,6000,6000,6062,6000,6000,0,0,0,0,0,0,0,0,0,0,0,0,0,0,0,0,0,0,0,0,0,1,1,1,1,0,0,0,2400,2400,2400,2400,2400,2400,2400,0,0,0,0,0,0,0,0,0,0,0,0,0,0,0,0,0,0,0,0,0,0,0,0
43,optimised 1,0,0,0,0,0,0,0,0,0,0,0,0,0,80,80,80,1080,1080,80,80,8300,8300,8300,8300,8300,0,0,0,0,0,0,0,0,0,0,0,0,0,0,0,0,0,0,900,900,900,0,0,0,0,0,0,0,0,0,0,0,0,0,0,0,0,0,650,650,650,650,650,650,650,0,0,0,0,0,0,0,0,0,0,0,0,0,62,0,0,0,0,0,0,0,0,0,0,0,0,0,0,0,0,0,0,0,0,0,0,0,1,1,1,1,0,0,0,0,0,0,0,0,0,0,0,0,0,0,0,0,0,0,0,2400,2400,2400,2400,2400,2400,2400,2400,2400,0,0,0,0,0
43,optimised 2,0,0,0,0,0,0,0,0,1000,1000,0,0,0,80,80,80,2480,2480,2480,2480,10700,10700,10700,10700,10700,0,0,0,0,0,0,0,0,0,0,0,0,0,0,0,0,0,0,900,900,900,0,0,0,0,0,0,0,0,0,0,0,0,0,0,0,0,0,650,650,650,650,650,650,650,0,0,0,0,0,0,0,0,0,0,0,0,0,62,0,0,0,0,0,0,0,0,0,0,0,0,0,0,0,0,0,0,0,0,0,0,0,1,1,1,1,0,0,0,0,0,0,0,0,0,0,0,0,0,0,0,0,0,0,0,0,0,0,0,0,0,0,0,0,0,0,0,0,0
44,preferred,0,0,0,0,1500,1500,0,0,0,0,0,0,0,0,0,0,0,0,4000,4000,0,0,0,0,0,0,0,0,0,0,0,1000,1000,1000,1000,1000,1000,1000,0,400,400,400,0,0,0,0,0,0,0,0,0,0,0,0,0,0,0,0,0,0,0,0,0,0,0,0,100,100,100,100,100,0,0,0,0,0,0,0,0,1200,15,15,15,15,15,0,0,0,900,900,900,0,0,0,0,0,0,0,0,0,0,0,0,0,0,0,2400,0,0,0,0,0,0,0,45,45,0,0,0,0,0,0,0,0,0,0,0,0,0,0,0,0,0,0,0,0,0,0,0,0,0,0,0,0
44,optimised 1,0,0,0,0,0,0,0,0,0,0,0,0,0,0,0,1500,1500,45,45,4000,4100,1100,2000,2000,2000,1000,1000,1000,0,0,0,0,0,0,0,0,0,0,0,0,400,400,400,0,0,0,0,15,15,15,15,15,0,0,0,0,0,0,0,0,0,0,0,0,0,0,0,0,0,0,0,0,0,0,0,0,0,0,0,0,1200,0,0,0,0,0,0,0,0,0,0,0,0,0,0,0,0,0,0,0,0,0,0,0,0,0,0,0,0,2400,0,0,0,0,0,0,0,0,0,0,0,0,0,0,0,0,0,0,0,0,0,0,0,0,0,0,0,0,0,0,0,0,0,0
44,optimised 2,0,0,0,0,0,0,0,1000,2500,2500,100,100,0,0,0,0,0,45,45,4000,4000,1000,1000,1000,1000,1000,1000,1000,0,0,0,0,0,0,0,0,0,0,0,0,415,415,415,15,15,0,0,0,0,0,0,0,0,0,0,0,0,0,0,0,0,0,0,0,0,0,0,0,0,0,0,0,0,0,0,0,0,0,1200,0,0,0,0,0,0,0,0,0,0,0,0,0,0,0,0,0,0,0,0,0,0,0,0,0,0,0,0,2400,0,0,0,0,0,0,0,0,0,0,0,0,0,0,0,0,0,0,0,0,0,0,0,0,0,0,0,0,0,0,0,0,0,0,0,0
45,preferred,0,0,0,0,0,0,0,0,0,0,0,0,0,0,0,0,0,0,0,0,0,0,1200,1200,1200,1200,1200,1200,1200,0,0,0,0,0,0,0,0,0,0,0,0,0,0,0,0,0,0,0,0,0,1200,1200,1200,1200,1200,1200,0,0,0,0,0,1190,1890,1190,1190,1190,1540,1450,350,0,100,100,0,0,0,0,0,0,0,0,0,0,0,1000,1000,1000,1000,1000,0,0,0,0,0,0,38,38,38,0,0,0,0,0,0,0,0,0,0,0,0,0,0,0,0,0,0,0,0,0,0,0,0,0,0,0,0,0,0,0,100,100,100,0,0,0,0,0,0,0,0,0,0,0,0,0
45,optimised 1,0,0,0,0,0,0,0,0,0,0,0,0,0,0,0,0,0,0,0,1200,1200,1200,2400,2400,2400,1200,1200,1200,1200,0,0,0,0,0,0,0,0,0,0,0,0,0,0,0,0,0,0,0,0,0,0,0,0,0,0,0,0,0,0,0,1100,1100,1190,1190,1190,1190,1190,440,350,350,0,100,100,0,0,0,0,1000,1000,1000,1000,1000,0,0,0,0,0,0,0,0,0,0,0,0,0,38,38,38,0,0,0,0,0,0,0,0,0,0,0,0,0,0,0,0,0,0,0,0,0,0,0,0,0,0,0,0,0,0,0,100,100,100,700,0,0,0,0,0,0,0,0,0,0,0
45,optimised 2,0,0,0,0,0,0,0,1200,1200,1200,1200,1200,1200,0,0,0,0,0,0,0,0,1200,1200,1200,1200,1200,1200,1200,0,0,0,0,0,0,0,0,0,0,0,0,0,0,0,0,0,0,0,0,0,0,0,0,0,0,0,0,0,0,0,0,0,0,1190,1190,1190,1190,1190,1190,1100,350,350,450,100,0,1000,1000,1000,1000,1000,0,0,0,0,0,0,0,0,0,0,0,0,0,0,0,0,38,38,38,0,0,0,0,0,0,0,0,0,0,0,0,0,0,0,0,0,0,0,0,0,0,0,0,0,0,0,0,0,0,0,100,100,100,700,0,0,0,0,0,0,0,0,0,0,0
46,preferred,0,0,0,0,0,0,0,0,0,0,0,0,0,0,0,0,0,0,0,0,0,0,0,0,0,0,0,400,400,0,0,0,0,0,0,0,0,0,0,0,0,0,0,0,0,0,0,0,0,0,0,0,0,0,0,0,0,0,0,0,0,0,0,0,56,56,56,0,0,0,0,0,0,3600,3600,2000,2000,0,0,0,0,0,0,0,0,0,0,0,0,0,0,0,0,0,0,0,0,5000,5000,5000,1000,1300,300,300,300,0,0,0,0,0,0,0,6000,6000,6000,0,0,0,0,0,35,35,35,35,35,0,0,0,0,4000,4000,4000,4000,0,0,0,0,0,0,0,0,0,0,0
46,optimised 1,0,0,0,0,0,0,0,0,0,0,0,0,0,0,0,0,0,0,0,0,0,4000,4000,4000,4000,0,0,0,0,0,0,0,0,0,0,0,0,0,0,0,0,0,0,0,0,0,0,0,0,0,0,0,0,0,0,0,0,0,0,0,0,0,0,0,0,56,56,56,0,0,0,0,0,0,0,0,2000,2000,0,0,0,0,0,0,0,0,0,0,0,0,0,0,0,0,0,0,0,0,0,0,0,0,0,0,0,0,0,0,0,1300,1300,700,700,0,0,0,0,0,0,0,0,35,35,35,35,35,0,0,0,0,8600,8600,5000,0,0,0,6000,6000,6000,0,0,0,0,0
46,optimised 2,0,0,0,0,0,0,0,4000,4000,4000,4000,0,0,0,0,0,0,0,0,0,0,0,0,0,0,0,0,0,0,0,0,0,0,0,0,0,0,0,0,0,0,0,0,0,0,0,0,0,0,0,0,0,0,0,0,0,0,0,0,0,0,0,0,0,0,56,56,56,0,0,0,0,0,0,0,0,2000,2000,0,0,0,0,0,0,0,0,0,0,0,0,0,0,0,0,0,0,0,0,0,0,0,0,0,1300,1300,700,700,0,0,0,0,0,0,0,0,0,0,0,0,0,0,35,35,35,35,35,0,0,0,0,8600,8600,5000,0,0,0,6000,6000,6000,0,0,0,0,0
47,preferred,0,0,0,0,0,2400,2400,2400,3500,3500,3500,1100,0,0,0,0,0,0,0,0,0,0,0,0,0,0,0,0,0,0,0,0,0,0,0,0,0,0,0,0,0,0,0,0,0,0,0,8,2408,2408,2408,2400,0,0,0,0,0,0,0,0,600,600,600,600,600,600,1800,600,0,0,0,0,0,0,0,0,0,0,0,0,0,0,0,0,0,0,0,0,0,0,93,0,0,0,0,0,0,0,0,0,0,0,0,0,0,0,0,0,0,0,0,0,0,0,0,71,71,15,2415,2415,2415,2415,2415,0,0,0,0,0,0,0,0,0,0,0,0,0,0,0,0,0,0,0,0,0
47,optimised 1,0,0,0,0,0,0,0,93,15,15,1115,1115,1115,1115,15,15,4800,4800,4800,4800,5400,5400,3000,3000,3000,600,600,600,0,0,0,0,0,0,0,0,0,0,0,0,0,0,0,0,0,0,0,0,8,8,8,8,0,0,0,0,0,0,0,0,0,0,0,0,0,0,1200,0,0,0,0,0,0,0,0,0,0,0,0,0,0,0,0,0,0,0,0,0,0,0,0,0,0,0,0,0,0,0,0,0,0,0,0,0,0,0,0,0,0,0,0,0,0,0,0,0,56,56,0,0,0,0,0,0,0,0,0,0,0,0,0,0,0,0,0,0,0,0,0,0,0,0,0,0
47,optimised 2,0,0,0,0,0,0,0,3593,3515,3515,3515,15,15,15,15,15,4800,5400,5400,5400,5400,3000,600,600,600,0,0,0,0,0,0,0,0,0,0,0,0,0,0,0,0,0,0,0,0,0,0,0,8,8,8,8,0,0,0,0,0,0,0,0,0,0,0,0,0,0,0,1200,0,0,0,0,0,0,0,0,0,0,0,0,0,0,0,0,0,0,0,0,0,0,0,0,0,0,0,0,0,0,0,0,0,0,0,0,0,0,0,0,0,0,0,0,0,0,0,0,56,56,0,0,0,0,0,0,0,0,0,0,0,0,0,0,0,0,0,0,0,0,0,0,0,0,0,0
48,preferred,0,0,0,0,0,0,0,0,0,0,0,0,0,0,0,0,0,0,0,0,0,0,0,0,1000,1000,1000,0,0,0,0,2400,2400,0,0,0,0,0,0,0,0,0,0,0,0,0,0,0,1200,1200,1200,0,0,0,0,0,0,0,0,0,0,0,0,0,0,0,0,0,0,0,0,0,0,0,0,0,0,0,0,0,0,0,1200,0,0,130,130,130,130,130,130,0,0,0,0,0,5100,1100,0,0,0,0,0,0,0,0,2000,2000,2000,0,0,0,0,0,0,100,100,0,0,0,0,0,0,0,0,0,0,0,0,0,0,20,20,20,20,0,0,0,0,0,0,0,0,0
48,optimised 1,0,0,0,0,0,0,0,0,0,0,0,0,0,0,0,0,0,0,0,0,0,0,1000,3400,3400,0,0,0,0,0,0,0,0,0,0,0,0,0,0,0,0,0,0,0,0,0,0,0,0,0,0,0,0,0,0,0,0,0,0,0,0,0,0,4000,0,0,0,0,0,0,0,0,0,0,0,0,130,130,130,130,130,1330,0,0,0,0,0,0,0,0,0,0,0,0,0,0,0,0,0,0,0,0,0,0,0,0,0,0,0,1100,1100,0,0,0,0,0,0,0,0,0,0,0,0,0,0,0,20,20,20,20,3300,3300,3200,0,0,0,0,0,0,0,0,0,0,0
48,optimised 2,0,0,0,0,0,0,0,0,0,0,0,0,0,0,0,0,0,0,0,0,0,0,1000,3400,3400,0,0,0,0,0,0,0,0,0,0,0,0,0,0,0,0,0,0,0,0,0,0,0,0,0,0,0,0,0,0,0,0,0,0,0,0,0,0,0,0,0,0,0,0,4000,0,0,0,0,0,0,0,0,0,0,0,0,0,0,0,1330,130,130,130,130,130,0,0,0,0,0,0,0,0,0,0,0,0,1100,1100,0,0,0,0,0,0,0,0,0,0,0,0,0,0,0,0,0,0,0,0,0,0,0,0,0,0,0,20,20,20,20,3300,3300,3200,0,0,0,0,0
49,preferred,56,56,56,56,0,0,0,0,0,0,0,0,0,0,0,0,0,0,0,0,0,0,0,0,0,0,0,0,0,0,0,0,0,600,600,600,750,750,150,150,0,0,0,0,1200,0,0,0,0,0,0,0,0,2650,2650,2650,2650,50,50,50,0,0,0,0,0,0,0,0,0,0,0,0,0,15,15,15,0,0,0,0,0,0,0,0,0,0,0,0,0,0,0,0,0,0,0,0,0,0,0,0,0,0,0,0,0,0,0,0,0,0,0,0,0,0,0,0,0,0,100,100,100,100,0,0,0,0,0,2200,2200,2200,0,0,0,0,0,0,0,0,0,0,0,0,0,0
49,optimised 1,0,56,56,56,56,0,0,0,0,0,0,0,0,0,0,0,0,0,0,0,0,2200,2200,2200,3200,2000,2000,2000,0,0,0,0,0,0,0,0,0,150,150,150,150,0,0,0,0,0,0,0,0,0,0,0,0,0,600,600,600,600,0,0,0,0,0,0,0,0,0,0,0,0,0,0,0,0,0,0,0,0,0,0,0,0,0,0,0,0,0,0,0,0,0,0,0,0,0,0,0,0,0,0,0,0,0,0,0,0,0,0,0,0,0,0,0,0,600,600,600,600,600,100,100,100,100,15,15,15,0,0,0,0,50,50,50,50,50,50,50,0,0,0,0,0,0,0
49,optimised 2,0,56,56,56,56,0,0,0,0,0,0,0,0,0,0,0,0,0,0,0,0,2200,2200,2200,3200,2000,2000,2000,0,0,0,0,0,0,0,0,0,150,150,150,150,0,0,0,0,0,0,0,0,0,0,0,0,0,600,600,600,600,0,0,0,0,0,0,0,0,0,0,0,0,0,0,0,0,0,0,0,0,0,0,0,0,0,0,0,0,0,0,0,0,0,0,0,0,0,0,0,0,0,0,0,0,0,600,600,600,600,600,0,0,0,0,0,0,0,0,0,0,0,100,100,100,100,15,65,65,50,50,50,50,50,0,0,0,0,0,0,0,0,0,0,0,0,0
50,preferred,0,0,0,0,0,0,0,0,0,0,0,0,0,0,0,62,62,0,0,0,0,0,0,0,0,0,0,0,5,5,5,1700,1700,1700,0,0,0,0,0,0,0,0,0,0,0,0,50,50,0,0,0,1000,1000,1000,1000,1000,2400,2400,2400,2400,2400,2400,2400,2400,2400,0,1000,1000,1000,0,0,0,0,0,0,0,2100,0,0,0,0,0,0,0,0,0,0,0,0,0,0,0,0,0,0,0,0,0,0,0,0,0,0,0,0,0,0,0,0,0,0,0,0,0,0,0,0,0,0,0,2100,2100,0,0,0,0,0,0,0,0,0,0,0,0,130,130,130,130,130,130,130,130,130,0
50,optimised 1,0,0,0,0,0,0,0,0,0,0,0,0,0,0,0,0,2462,2462,2400,2400,2400,2400,2400,2400,2400,0,0,0,0,5,5,5,0,0,0,0,0,0,0,0,0,0,0,0,0,0,0,0,0,0,0,0,1000,1000,1000,1000,1000,2700,2700,2700,50,50,2100,2100,0,0,0,0,0,0,0,0,0,0,0,0,0,0,0,0,0,0,0,0,0,0,0,0,0,0,0,0,0,0,0,0,0,0,0,0,0,0,0,0,0,0,0,0,0,0,0,0,2100,0,0,0,0,0,0,0,0,0,0,0,0,0,0,0,0,0,0,130,130,130,130,130,130,130,130,130,0,0,0,0
50,optimised 2,0,0,0,0,0,0,0,0,0,0,0,0,0,0,0,0,2462,2462,2400,2400,2400,2400,2400,3400,3400,1000,1000,1000,1700,3805,3805,5,0,0,0,0,0,0,0,0,0,0,0,0,1000,1000,1000,50,50,0,0,0,0,0,0,0,0,0,0,0,0,0,0,0,0,0,0,0,0,0,0,0,0,0,0,0,0,0,0,0,0,0,0,0,0,2100,0,0,0,0,0,0,0,0,0,0,0,0,0,0,0,0,0,0,130,130,130,130,130,130,130,130,130,0,0,0,0,0,0,0,0,0,0,0,0,0,0,0,0,0,0,0,0,0,0,0,0,0,0,0,0,0,0,0
